-- phpMyAdmin SQL Dump
-- version 5.2.2
-- https://www.phpmyadmin.net/
--
-- Host: localhost:3306
-- Generation Time: May 12, 2026 at 05:00 AM
-- Server version: 10.11.16-MariaDB-cll-lve
-- PHP Version: 8.4.20

SET SQL_MODE = "NO_AUTO_VALUE_ON_ZERO";
START TRANSACTION;
SET time_zone = "+00:00";


/*!40101 SET @OLD_CHARACTER_SET_CLIENT=@@CHARACTER_SET_CLIENT */;
/*!40101 SET @OLD_CHARACTER_SET_RESULTS=@@CHARACTER_SET_RESULTS */;
/*!40101 SET @OLD_COLLATION_CONNECTION=@@COLLATION_CONNECTION */;
/*!40101 SET NAMES utf8mb4 */;

--
-- Database: `qghwfdzm_iffs`
--

-- --------------------------------------------------------

--
-- Table structure for table `failed_jobs`
--

CREATE TABLE `failed_jobs` (
  `id` bigint(20) UNSIGNED NOT NULL,
  `uuid` varchar(255) NOT NULL,
  `connection` text NOT NULL,
  `queue` text NOT NULL,
  `payload` longtext NOT NULL,
  `exception` longtext NOT NULL,
  `failed_at` timestamp NOT NULL DEFAULT current_timestamp()
) ENGINE=InnoDB DEFAULT CHARSET=utf8mb4 COLLATE=utf8mb4_unicode_ci;

-- --------------------------------------------------------

--
-- Table structure for table `grns`
--

CREATE TABLE `grns` (
  `id` int(10) UNSIGNED NOT NULL,
  `purchase_order_id` int(10) UNSIGNED NOT NULL,
  `grn_number` varchar(255) NOT NULL,
  `grn_date` varchar(255) NOT NULL,
  `reference` varchar(255) DEFAULT NULL,
  `status` int(11) NOT NULL DEFAULT 0,
  `created_by` int(11) NOT NULL,
  `updated_by` int(11) NOT NULL,
  `created_at` timestamp NULL DEFAULT NULL,
  `updated_at` timestamp NULL DEFAULT NULL
) ENGINE=InnoDB DEFAULT CHARSET=utf8mb4 COLLATE=utf8mb4_unicode_ci;

--
-- Dumping data for table `grns`
--

INSERT INTO `grns` (`id`, `purchase_order_id`, `grn_number`, `grn_date`, `reference`, `status`, `created_by`, `updated_by`, `created_at`, `updated_at`) VALUES
(30, 35, 'GRN-000001', '21-04-2025', 'STOCK', 0, 1, 1, '2025-04-21 12:25:17', '2025-04-21 12:25:17'),
(31, 36, 'GRN-000002', '21-04-2025', 'STOCK', 0, 1, 1, '2025-04-21 12:44:29', '2025-04-21 12:44:29'),
(32, 37, 'GRN-000003', '21-04-2025', 'STOCK', 0, 1, 1, '2025-04-21 12:50:29', '2025-04-21 12:50:29'),
(33, 39, 'GRN-000004', '28-04-2025', 'STOCK', 0, 5, 5, '2025-04-28 15:21:17', '2025-04-28 15:21:17'),
(34, 40, 'GRN-000005', '02-05-2025', 'STOCK', 0, 5, 5, '2025-05-02 11:17:19', '2025-05-02 11:17:19'),
(35, 41, 'GRN-000006', '03-05-2025', 'STOCK', 0, 5, 5, '2025-05-03 11:09:48', '2025-05-03 11:09:48'),
(36, 42, 'GRN-000007', '08-05-2025', 'STOCK', 0, 5, 5, '2025-05-08 15:06:22', '2025-05-08 15:06:22'),
(37, 43, 'GRN-000008', '09-05-2025', 'STOCK', 0, 5, 5, '2025-05-09 12:01:50', '2025-05-09 12:01:50'),
(38, 44, 'GRN-000009', '09-05-2025', 'STOCK', 0, 5, 5, '2025-05-09 16:53:45', '2025-05-09 16:53:45'),
(39, 45, 'GRN-000010', '14-05-2025', 'RETURN', 0, 5, 5, '2025-05-14 12:18:12', '2025-05-14 12:18:12'),
(40, 46, 'GRN-000011', '14-05-2025', 'RETURN', 0, 5, 5, '2025-05-14 12:18:28', '2025-05-14 12:18:28'),
(41, 47, 'GRN-000012', '15-05-2025', 'LM-3543', 0, 5, 5, '2025-05-15 15:21:41', '2025-05-15 15:21:41'),
(43, 48, 'GRN-000013', '10-05-2025', 'LY-2699', 0, 5, 5, '2025-05-15 15:33:52', '2025-05-15 15:33:52'),
(44, 49, 'GRN-000014', '10-05-2025', 'LY-2699', 0, 5, 5, '2025-05-15 15:35:49', '2025-05-15 15:35:49'),
(45, 50, 'GRN-000015', '17-05-2025', 'STOCK', 0, 5, 5, '2025-05-17 12:29:49', '2025-05-17 12:29:49'),
(46, 51, 'GRN-000016', '21-05-2025', 'STOCK', 0, 5, 5, '2025-05-21 17:23:55', '2025-05-21 17:23:55'),
(47, 52, 'GRN-000017', '27-05-2025', 'STOCK', 0, 5, 5, '2025-05-27 14:44:12', '2025-05-27 14:44:12'),
(48, 53, 'GRN-000018', '28-05-2025', 'LG-8838', 0, 5, 5, '2025-05-29 11:58:06', '2025-05-29 11:58:06'),
(49, 54, 'GRN-000019', '03-06-2025', NULL, 0, 5, 5, '2025-06-03 11:59:55', '2025-06-03 11:59:55'),
(50, 55, 'GRN-000020', '03-06-2025', 'STOCK', 0, 5, 5, '2025-06-03 17:42:11', '2025-06-03 17:42:11'),
(51, 56, 'GRN-000021', '05-06-2025', 'LX-2698', 0, 5, 5, '2025-06-05 13:49:35', '2025-06-05 13:49:35'),
(52, 57, 'GRN-000022', '13-06-2025', 'LM-3544', 0, 5, 5, '2025-06-13 16:16:12', '2025-06-13 16:16:12'),
(53, 58, 'GRN-000023', '30-06-2025', 'LY-2696', 0, 5, 5, '2025-06-30 11:20:21', '2025-06-30 11:20:21'),
(54, 59, 'GRN-000024', '02-07-2025', 'LY-4096', 0, 5, 5, '2025-07-02 10:57:56', '2025-07-02 10:57:56'),
(55, 60, 'GRN-000025', '04-07-2025', 'STOCK', 0, 5, 5, '2025-07-04 15:56:26', '2025-07-04 15:56:26'),
(56, 61, 'GRN-000026', '11-07-2025', 'LY-2693', 0, 5, 5, '2025-07-11 12:40:08', '2025-07-11 12:40:08'),
(57, 62, 'GRN-000027', '11-07-2025', 'STOCK', 0, 5, 5, '2025-07-11 16:39:15', '2025-07-11 16:39:15'),
(58, 63, 'GRN-000028', '14-07-2025', 'RETURN', 0, 5, 5, '2025-07-14 09:22:09', '2025-07-14 09:22:09'),
(59, 64, 'GRN-000029', '22-07-2025', NULL, 0, 5, 5, '2025-07-22 12:17:48', '2025-07-22 12:17:48'),
(60, 65, 'GRN-000030', '30-07-2025', 'LM-3546', 0, 5, 5, '2025-07-30 10:37:07', '2025-07-30 10:37:07'),
(61, 66, 'GRN-000031', '04-08-2025', 'LP-0542', 0, 5, 5, '2025-08-04 12:15:26', '2025-08-04 12:15:26'),
(62, 67, 'GRN-000032', '04-08-2025', 'STOCK', 0, 5, 5, '2025-08-04 12:52:33', '2025-08-04 12:52:33'),
(63, 68, 'GRN-000033', '06-08-2025', 'LP-0543', 0, 5, 5, '2025-08-06 12:34:54', '2025-08-06 12:34:54'),
(64, 69, 'GRN-000034', '07-08-2025', 'LM-3544', 0, 5, 5, '2025-08-07 13:51:10', '2025-08-07 13:51:10'),
(65, 70, 'GRN-000035', '11-08-2025', 'STOCK', 0, 5, 5, '2025-08-11 16:19:05', '2025-08-11 16:19:05'),
(66, 71, 'GRN-000036', '14-08-2025', 'LY-2694', 0, 5, 5, '2025-08-14 10:50:43', '2025-08-14 10:50:43'),
(67, 72, 'GRN-000037', '14-08-2025', 'LY-2694', 0, 5, 5, '2025-08-14 14:48:05', '2025-08-14 14:48:05'),
(68, 73, 'GRN-000038', '18-08-2025', 'RETURN', 0, 5, 5, '2025-08-18 16:31:58', '2025-08-18 16:31:58'),
(69, 74, 'GRN-000039', '23-08-2025', 'LY-2693', 0, 5, 5, '2025-08-25 12:13:10', '2025-08-25 12:13:10'),
(70, 75, 'GRN-000040', '26-08-2025', 'LY-2694', 0, 5, 5, '2025-08-26 15:54:13', '2025-08-26 15:54:13'),
(71, 76, 'GRN-000041', '26-08-2025', 'LM-3546', 0, 5, 5, '2025-08-26 15:54:32', '2025-08-26 15:54:32'),
(72, 77, 'GRN-000042', '27-08-2025', 'LY-2693', 0, 5, 5, '2025-08-27 12:38:02', '2025-08-27 12:38:02'),
(73, 78, 'GRN-000043', '27-08-2025', 'LY-2693', 0, 5, 5, '2025-08-27 12:38:47', '2025-08-27 12:38:47'),
(74, 79, 'GRN-000044', '01-09-2025', 'LM-3544', 0, 5, 5, '2025-09-01 15:24:58', '2025-09-01 15:24:58'),
(75, 80, 'GRN-000045', '01-09-2025', 'STOCK', 0, 5, 5, '2025-09-01 15:37:58', '2025-09-01 15:37:58'),
(76, 83, 'GRN-000046', '02-09-2025', 'STOCK', 0, 5, 5, '2025-09-02 16:00:49', '2025-09-02 16:00:49'),
(77, 85, 'GRN-000048', '03-09-2025', 'LY-2693', 0, 5, 5, '2025-09-03 12:06:19', '2025-09-03 12:06:19'),
(78, 86, 'GRN-000049', '08-09-2025', 'LY-2692', 0, 5, 5, '2025-09-08 14:24:19', '2025-09-08 14:24:19'),
(79, 87, 'GRN-000050', '08-09-2025', 'LY-2691', 0, 5, 5, '2025-09-08 15:53:00', '2025-09-08 15:53:00'),
(81, 88, 'GRN-000051', '11-09-2025', 'STOCK', 0, 5, 5, '2025-09-12 12:07:03', '2025-09-12 12:07:03'),
(82, 89, 'GRN-000052', '13-09-2025', 'STOCK', 0, 5, 5, '2025-09-13 11:08:39', '2025-09-13 11:08:39'),
(83, 90, 'GRN-000053', '18-09-2025', 'STOCK', 0, 5, 5, '2025-09-18 12:07:24', '2025-09-18 12:07:24'),
(84, 91, 'GRN-000054', '18-09-2025', 'LY-2697', 0, 5, 5, '2025-09-18 16:41:27', '2025-09-18 16:41:27'),
(85, 92, 'GRN-000055', '19-09-2025', 'STOCK', 0, 5, 5, '2025-09-19 14:37:34', '2025-09-19 14:37:34'),
(86, 93, 'GRN-000056', '19-09-2025', 'STOCK', 0, 5, 5, '2025-09-19 15:02:00', '2025-09-19 15:02:00'),
(87, 94, 'GRN-000057', '19-09-2025', 'STOCK', 0, 5, 5, '2025-09-19 15:02:21', '2025-09-19 15:02:21'),
(88, 95, 'GRN-000058', '20-09-2025', 'LY-2699', 0, 5, 5, '2025-09-23 12:13:51', '2025-09-23 12:13:51'),
(89, 96, 'GRN-000059', '20-09-2025', 'STOCK', 0, 5, 5, '2025-09-23 12:15:16', '2025-09-23 12:15:16'),
(90, 97, 'GRN-000060', '23-09-2025', 'STOCK', 0, 5, 5, '2025-09-23 12:17:36', '2025-09-23 12:17:36'),
(91, 98, 'GRN-000061', '19-09-2025', 'STOCK', 0, 5, 5, '2025-09-23 12:20:00', '2025-09-23 12:20:00'),
(92, 99, 'GRN-000062', '20-09-2025', 'STOCK', 0, 5, 5, '2025-09-23 12:21:17', '2025-09-23 12:21:17'),
(93, 100, 'GRN-000063', '22-09-2025', 'LM-3543', 0, 5, 5, '2025-09-23 12:21:55', '2025-09-23 12:21:55'),
(94, 101, 'GRN-000064', '26-09-2025', 'LY-2715', 0, 5, 5, '2025-09-29 13:06:10', '2025-09-29 13:06:10'),
(97, 102, 'GRN-000065', '26-09-2025', 'STOCK', 0, 5, 5, '2025-09-29 13:28:30', '2025-09-29 13:28:30'),
(98, 103, 'GRN-000066', '26-09-2025', 'STOCK', 0, 5, 5, '2025-09-29 13:29:48', '2025-09-29 13:29:48'),
(99, 104, 'GRN-000067', '26-09-2025', NULL, 0, 5, 5, '2025-09-29 13:31:17', '2025-09-29 13:31:17'),
(100, 105, 'GRN-000068', '30-09-2025', 'RETURN', 0, 5, 5, '2025-09-30 17:11:17', '2025-09-30 17:11:17'),
(101, 106, 'GRN-000069', '01-10-2025', 'STOCK', 0, 5, 5, '2025-10-01 16:02:33', '2025-10-01 16:02:33'),
(102, 107, 'GRN-000070', '03-10-2025', NULL, 0, 5, 5, '2025-10-03 17:49:23', '2025-10-03 17:49:23'),
(103, 108, 'GRN-000071', '08-10-2025', 'LY-2697', 0, 5, 5, '2025-10-08 16:55:05', '2025-10-08 16:55:05'),
(104, 109, 'GRN-000072', '08-10-2025', 'STOCK', 0, 5, 5, '2025-10-08 17:06:53', '2025-10-08 17:06:53'),
(105, 110, 'GRN-000073', '13-10-2025', 'STOCK', 0, 5, 5, '2025-10-13 13:40:14', '2025-10-13 13:40:14'),
(106, 111, 'GRN-000074', '15-10-2025', 'LG-8838', 0, 5, 5, '2025-10-15 11:07:13', '2025-10-15 11:07:13'),
(107, 112, 'GRN-000075', '20-10-2025', NULL, 0, 5, 5, '2025-10-20 16:09:27', '2025-10-20 16:09:27'),
(108, 114, 'GRN-000076', '20-10-2025', 'LM-3546', 0, 5, 5, '2025-10-20 16:48:57', '2025-10-20 16:48:57'),
(109, 115, 'GRN-000077', '18-10-2025', NULL, 0, 5, 5, '2025-10-20 17:02:13', '2025-10-20 17:02:13'),
(110, 116, 'GRN-000078', '22-10-2025', NULL, 0, 5, 5, '2025-10-22 13:22:45', '2025-10-22 13:22:45'),
(111, 117, 'GRN-000079', '28-10-2025', 'LY-2696', 0, 5, 5, '2025-10-28 14:15:37', '2025-10-28 14:15:37'),
(112, 118, 'GRN-000080', '28-10-2025', 'LY-2697', 0, 5, 5, '2025-10-28 14:16:03', '2025-10-28 14:16:03'),
(113, 119, 'GRN-000081', '06-11-2025', 'STOCK', 0, 5, 5, '2025-11-10 13:21:51', '2025-11-10 13:21:51'),
(114, 120, 'GRN-000082', '06-11-2025', NULL, 0, 5, 5, '2025-11-10 15:28:46', '2025-11-10 15:28:46'),
(115, 122, 'GRN-000083', '17-11-2025', 'LM-3544', 0, 5, 5, '2025-11-18 13:52:07', '2025-11-18 13:52:07'),
(116, 123, 'GRN-000084', '20-11-2025', 'STOCK', 0, 5, 5, '2025-11-20 15:44:34', '2025-11-20 15:44:34'),
(117, 124, 'GRN-000085', '21-11-2025', 'STOCK', 0, 5, 5, '2025-11-21 10:17:54', '2025-11-21 10:17:54'),
(118, 125, 'GRN-000086', '24-11-2025', 'LX-2708', 0, 5, 5, '2025-11-24 16:05:18', '2025-11-24 16:05:18'),
(119, 126, 'GRN-000087', '25-11-2025', 'LM-3546', 0, 5, 5, '2025-11-25 14:32:04', '2025-11-25 14:32:04'),
(120, 127, 'GRN-000088', '02-12-2025', 'LG-8838', 0, 5, 5, '2025-12-02 14:40:57', '2025-12-02 14:40:57'),
(121, 129, 'GRN-000090', '05-12-2025', 'LY-2697', 0, 5, 5, '2025-12-05 17:00:31', '2025-12-05 17:00:31'),
(122, 128, 'GRN-000089', '09-12-2025', 'STOCK', 0, 5, 5, '2025-12-09 14:36:25', '2025-12-09 14:36:25'),
(123, 130, 'GRN-000091', '09-12-2025', 'STOCK', 0, 5, 5, '2025-12-09 16:01:17', '2025-12-09 16:01:17'),
(124, 131, 'GRN-000092', '17-12-2025', 'LY-2697', 0, 5, 5, '2025-12-17 12:09:20', '2025-12-17 12:09:20'),
(125, 132, 'GRN-000093', '24-12-2025', 'STOCK', 0, 5, 5, '2025-12-24 13:41:50', '2025-12-24 13:41:50'),
(126, 133, 'GRN-000094', '29-12-2025', 'LY-2715', 0, 5, 5, '2025-12-29 12:54:57', '2025-12-29 12:54:57'),
(127, 134, 'GRN-000095', '29-12-2025', 'LY-2692', 0, 5, 5, '2025-12-29 17:00:26', '2025-12-29 17:00:26'),
(130, 136, 'GRN-000096', '26-01-2026', 'STOCK', 0, 5, 5, '2026-01-27 10:40:35', '2026-01-27 10:40:35'),
(131, 138, 'GRN-000097', '27-01-2026', NULL, 0, 5, 5, '2026-01-28 13:45:14', '2026-01-28 13:45:14'),
(132, 139, 'GRN-000098', '27-01-2026', NULL, 0, 5, 5, '2026-01-28 13:45:38', '2026-01-28 13:45:38'),
(133, 140, 'GRN-000099', '28-01-2026', NULL, 0, 5, 5, '2026-01-28 13:45:53', '2026-01-28 13:45:53'),
(134, 141, 'GRN-000100', '28-01-2026', 'LY-2694', 0, 5, 5, '2026-01-28 14:15:40', '2026-01-28 14:15:40'),
(135, 142, 'GRN-000101', '28-01-2026', 'LY-2694', 0, 5, 5, '2026-01-28 14:43:13', '2026-01-28 14:43:13'),
(136, 143, 'GRN-000102', '11-02-2026', 'STOCK', 0, 5, 5, '2026-02-11 14:26:34', '2026-02-11 14:26:34'),
(137, 144, 'GRN-000103', '17-02-2026', 'STOCK', 0, 5, 5, '2026-02-17 14:41:00', '2026-02-17 14:41:00'),
(138, 145, 'GRN-000104', '18-02-2026', 'LY-2691', 0, 5, 5, '2026-02-18 14:43:18', '2026-02-18 14:43:18'),
(140, 147, 'GRN-000105', '25-02-2026', NULL, 0, 5, 5, '2026-02-26 13:43:50', '2026-02-26 13:43:50'),
(141, 148, 'GRN-000106', '17-03-2026', 'LY-2694', 0, 5, 5, '2026-03-17 10:52:00', '2026-03-17 10:52:00'),
(142, 149, 'GRN-000107', '27-03-2026', NULL, 0, 5, 5, '2026-03-27 14:40:44', '2026-03-27 14:40:44'),
(143, 150, 'GRN-000108', '30-03-2026', 'LM-3547', 0, 5, 5, '2026-03-30 16:27:51', '2026-03-30 16:27:51'),
(144, 151, 'GRN-000109', '30-03-2026', 'STOCK', 0, 5, 5, '2026-03-30 16:43:45', '2026-03-30 16:43:45'),
(145, 152, 'GRN-000110', '21-04-2026', 'LY-2692', 0, 5, 5, '2026-04-22 16:08:53', '2026-04-22 16:08:53'),
(146, 153, 'GRN-000111', '22-04-2026', 'STOCK', 0, 5, 5, '2026-04-22 16:25:38', '2026-04-22 16:25:38'),
(147, 154, 'GRN-000112', '22-04-2026', NULL, 0, 5, 5, '2026-04-22 16:55:09', '2026-04-22 16:55:09'),
(148, 155, 'GRN-000113', '23-04-2026', 'LM-3546', 0, 5, 5, '2026-04-23 11:34:49', '2026-04-23 11:34:49'),
(149, 156, 'GRN-000114', '23-04-2026', 'LM-3546', 0, 5, 5, '2026-04-23 11:55:51', '2026-04-23 11:55:51'),
(150, 157, 'GRN-000115', '05-05-2026', 'STOCK', 0, 5, 5, '2026-05-05 16:21:11', '2026-05-05 16:21:11');

-- --------------------------------------------------------

--
-- Table structure for table `grn_products`
--

CREATE TABLE `grn_products` (
  `id` int(10) UNSIGNED NOT NULL,
  `grn_id` int(10) UNSIGNED NOT NULL,
  `purchase_order_product_id` int(10) UNSIGNED NOT NULL,
  `product_id` int(10) UNSIGNED NOT NULL,
  `received_quantity` decimal(10,2) NOT NULL,
  `received_price` decimal(10,2) NOT NULL,
  `out_quantity` decimal(10,2) DEFAULT NULL,
  `issued_status` int(11) NOT NULL DEFAULT 1,
  `created_at` timestamp NULL DEFAULT NULL,
  `updated_at` timestamp NULL DEFAULT NULL
) ENGINE=InnoDB DEFAULT CHARSET=utf8mb4 COLLATE=utf8mb4_unicode_ci;

--
-- Dumping data for table `grn_products`
--

INSERT INTO `grn_products` (`id`, `grn_id`, `purchase_order_product_id`, `product_id`, `received_quantity`, `received_price`, `out_quantity`, `issued_status`, `created_at`, `updated_at`) VALUES
(91, 30, 97, 7, 10.00, 1.00, 10.00, 0, '2025-04-21 12:25:17', '2025-11-10 16:11:52'),
(92, 30, 98, 6, 10.00, 1.00, 10.00, 0, '2025-04-21 12:25:17', '2025-08-14 14:55:08'),
(93, 30, 99, 5, 10.00, 1.00, 10.00, 0, '2025-04-21 12:25:17', '2025-12-15 12:26:56'),
(94, 30, 100, 84, 9.00, 1.00, 9.00, 0, '2025-04-21 12:25:17', '2025-05-20 17:13:32'),
(95, 30, 101, 85, 20.00, 1.00, 20.00, 0, '2025-04-21 12:25:17', '2025-04-29 22:32:06'),
(96, 30, 102, 47, 1.00, 1.00, NULL, 1, '2025-04-21 12:25:17', '2025-04-21 12:25:17'),
(97, 30, 103, 43, 9.00, 1.00, 9.00, 0, '2025-04-21 12:25:17', '2025-09-30 15:37:54'),
(98, 30, 104, 40, 6.00, 1.00, NULL, 1, '2025-04-21 12:25:17', '2025-04-21 12:25:17'),
(99, 30, 105, 41, 8.00, 1.00, 8.00, 0, '2025-04-21 12:25:17', '2025-09-30 15:37:54'),
(100, 30, 106, 42, 9.00, 1.00, NULL, 1, '2025-04-21 12:25:17', '2025-04-21 12:25:17'),
(101, 30, 107, 44, 3.00, 1.00, 3.00, 0, '2025-04-21 12:25:17', '2025-05-14 08:57:23'),
(102, 30, 108, 30, 3.00, 1.00, 3.00, 0, '2025-04-21 12:25:17', '2025-08-29 14:21:57'),
(103, 30, 109, 31, 21.00, 1.00, 1.00, 1, '2025-04-21 12:25:17', '2025-11-03 10:53:01'),
(104, 30, 110, 35, 30.00, 1.00, 30.00, 0, '2025-04-21 12:25:17', '2025-07-12 11:52:10'),
(105, 30, 111, 9, 1.00, 1.00, NULL, 1, '2025-04-21 12:25:17', '2025-04-21 12:25:17'),
(106, 30, 112, 29, 5.00, 1.00, 3.00, 1, '2025-04-21 12:25:17', '2025-10-03 14:09:51'),
(107, 30, 113, 4, 1.00, 1.00, NULL, 1, '2025-04-21 12:25:17', '2025-04-21 12:25:17'),
(108, 31, 114, 86, 3.00, 1.00, 3.00, 0, '2025-04-21 12:44:29', '2025-07-31 09:40:38'),
(109, 31, 115, 87, 2.00, 1.00, 2.00, 0, '2025-04-21 12:44:29', '2025-10-31 12:44:22'),
(110, 31, 116, 88, 3.00, 1.00, NULL, 1, '2025-04-21 12:44:29', '2025-04-21 12:44:29'),
(111, 31, 117, 89, 1.00, 1.00, 1.00, 0, '2025-04-21 12:44:29', '2025-07-12 11:52:10'),
(112, 31, 118, 7, 1.00, 1.00, 1.00, 0, '2025-04-21 12:44:29', '2025-12-15 12:26:56'),
(113, 31, 119, 6, 1.00, 1.00, 1.00, 0, '2025-04-21 12:44:29', '2025-08-14 14:55:08'),
(114, 31, 120, 5, 2.00, 1.00, 2.00, 0, '2025-04-21 12:44:29', '2026-01-14 13:10:34'),
(115, 31, 121, 82, 5.00, 1.00, 3.00, 1, '2025-04-21 12:44:29', '2026-01-08 09:56:31'),
(116, 31, 122, 3, 2.00, 1.00, 1.00, 1, '2025-04-21 12:44:29', '2025-04-25 15:42:13'),
(117, 31, 123, 33, 1.00, 1.00, 1.00, 0, '2025-04-21 12:44:29', '2025-08-01 17:10:37'),
(118, 31, 124, 15, 1.00, 1.00, NULL, 1, '2025-04-21 12:44:29', '2025-04-21 12:44:29'),
(119, 31, 125, 13, 1.00, 1.00, NULL, 1, '2025-04-21 12:44:29', '2025-04-21 12:44:29'),
(120, 31, 126, 14, 1.00, 1.00, NULL, 1, '2025-04-21 12:44:29', '2025-04-21 12:44:29'),
(121, 31, 127, 39, 1.00, 1.00, 1.00, 0, '2025-04-21 12:44:29', '2025-08-01 16:52:00'),
(122, 32, 128, 90, 2.00, 1.00, 2.00, 0, '2025-04-21 12:50:29', '2025-09-18 12:10:49'),
(123, 32, 129, 91, 1.00, 1.00, NULL, 1, '2025-04-21 12:50:29', '2025-04-21 12:50:29'),
(124, 32, 130, 92, 1.00, 1.00, NULL, 1, '2025-04-21 12:50:29', '2025-04-21 12:50:29'),
(125, 33, 132, 84, 40.00, 5800.00, 40.00, 0, '2025-04-28 15:21:17', '2025-12-09 14:05:06'),
(126, 33, 133, 1, 40.00, 1700.00, 40.00, 0, '2025-04-28 15:21:17', '2025-09-10 16:07:28'),
(127, 34, 134, 93, 2.00, 3076.27, 2.00, 0, '2025-05-02 11:17:19', '2025-05-06 12:15:13'),
(128, 35, 135, 85, 100.00, 595.00, 100.00, 0, '2025-05-03 11:09:48', '2025-05-28 12:07:40'),
(129, 36, 137, 95, 1.00, 6100.00, 1.00, 0, '2025-05-08 15:06:22', '2025-05-08 15:10:09'),
(130, 36, 136, 99, 1.00, 5540.00, 1.00, 0, '2025-05-08 15:06:22', '2025-05-08 15:10:09'),
(131, 36, 138, 97, 1.00, 5600.00, 1.00, 0, '2025-05-08 15:06:22', '2025-05-08 15:10:09'),
(132, 36, 139, 94, 1.00, 1450.00, 1.00, 0, '2025-05-08 15:06:22', '2025-05-08 15:10:09'),
(133, 36, 140, 96, 1.00, 1130.00, 1.00, 0, '2025-05-08 15:06:22', '2025-05-08 15:10:09'),
(134, 36, 141, 98, 1.00, 1130.00, 1.00, 0, '2025-05-08 15:06:22', '2025-05-08 15:10:09'),
(135, 36, 142, 100, 1.00, 1310.00, 1.00, 0, '2025-05-08 15:06:22', '2025-05-30 09:13:15'),
(136, 36, 143, 75, 1.00, 700.00, 1.00, 0, '2025-05-08 15:06:22', '2025-05-30 09:13:15'),
(137, 37, 144, 101, 1.00, 69230.00, 1.00, 0, '2025-05-09 12:01:50', '2025-05-09 12:04:38'),
(138, 37, 145, 102, 1.00, 34980.00, 1.00, 0, '2025-05-09 12:01:50', '2025-05-09 12:04:38'),
(139, 37, 146, 103, 1.00, 29000.00, 1.00, 0, '2025-05-09 12:01:50', '2025-05-09 12:04:38'),
(140, 37, 147, 104, 1.00, 1740.00, 1.00, 0, '2025-05-09 12:01:50', '2025-05-09 12:04:38'),
(141, 38, 148, 1, 1.00, 1.00, 1.00, 0, '2025-05-09 16:53:45', '2025-09-10 16:07:28'),
(142, 39, 149, 44, 1.00, 1.00, 1.00, 0, '2025-05-14 12:18:12', '2025-09-30 15:37:54'),
(143, 40, 150, 41, 3.00, 1.00, 3.00, 0, '2025-05-14 12:18:28', '2025-09-30 15:37:54'),
(144, 41, 151, 105, 1.00, 4345.90, 1.00, 0, '2025-05-15 15:21:41', '2025-05-15 15:46:54'),
(145, 41, 152, 106, 1.00, 11552.39, 1.00, 0, '2025-05-15 15:21:41', '2025-05-15 15:46:54'),
(146, 41, 153, 107, 1.00, 1457.81, 1.00, 0, '2025-05-15 15:21:41', '2025-05-15 15:46:54'),
(147, 41, 154, 108, 1.00, 5020.42, 1.00, 0, '2025-05-15 15:21:41', '2025-05-15 15:46:54'),
(153, 43, 155, 104, 1.00, 1690.00, 1.00, 0, '2025-05-15 15:33:52', '2025-05-15 15:50:57'),
(154, 43, 156, 110, 1.00, 5390.00, 1.00, 0, '2025-05-15 15:33:52', '2025-05-15 15:50:57'),
(155, 43, 157, 113, 1.00, 42810.00, 1.00, 0, '2025-05-15 15:33:52', '2025-05-15 15:50:57'),
(156, 43, 158, 111, 1.00, 89850.00, 1.00, 0, '2025-05-15 15:33:52', '2025-05-15 15:50:57'),
(157, 43, 159, 112, 1.00, 41850.00, 1.00, 0, '2025-05-15 15:33:52', '2025-05-15 15:50:57'),
(158, 44, 160, 109, 1.00, 18500.00, 1.00, 0, '2025-05-15 15:35:49', '2025-05-15 15:50:57'),
(159, 45, 161, 108, 2.00, 5909.15, 2.00, 0, '2025-05-17 12:29:49', '2025-06-23 11:00:37'),
(160, 46, 162, 102, 1.00, 34980.00, 1.00, 0, '2025-05-21 17:23:55', '2025-05-21 17:27:23'),
(161, 46, 163, 101, 1.00, 69230.00, 1.00, 0, '2025-05-21 17:23:55', '2025-05-21 17:27:23'),
(162, 46, 164, 103, 1.00, 29000.00, 1.00, 0, '2025-05-21 17:23:55', '2025-05-21 17:27:23'),
(163, 46, 165, 104, 1.00, 1740.00, 1.00, 0, '2025-05-21 17:23:55', '2025-05-21 17:27:23'),
(164, 47, 166, 114, 40.00, 525.00, 30.25, 1, '2025-05-27 14:44:12', '2026-05-04 12:26:35'),
(165, 47, 167, 85, 100.00, 595.00, 100.00, 0, '2025-05-27 14:44:12', '2025-07-23 15:35:57'),
(166, 48, 168, 115, 2.00, 890.00, 2.00, 0, '2025-05-29 11:58:06', '2025-05-29 12:16:27'),
(167, 48, 169, 116, 1000.00, 4.65, 1000.00, 0, '2025-05-29 11:58:06', '2025-05-29 12:16:27'),
(168, 48, 170, 117, 8.00, 445.00, 8.00, 0, '2025-05-29 11:58:06', '2025-05-29 12:16:27'),
(169, 48, 171, 118, 8.00, 405.00, 8.00, 0, '2025-05-29 11:58:06', '2025-05-29 12:16:27'),
(170, 48, 172, 119, 2.00, 6175.00, 2.00, 0, '2025-05-29 11:58:06', '2025-05-29 12:16:27'),
(171, 48, 173, 120, 2.00, 4680.00, 2.00, 0, '2025-05-29 11:58:06', '2025-05-29 12:16:27'),
(172, 48, 174, 121, 1.00, 3950.00, 1.00, 0, '2025-05-29 11:58:06', '2025-05-29 12:16:27'),
(173, 48, 175, 122, 1.00, 4450.00, 1.00, 0, '2025-05-29 11:58:06', '2025-05-29 12:16:27'),
(174, 49, 176, 124, 1.00, 18599.07, 1.00, 0, '2025-06-03 11:59:55', '2025-06-03 12:04:16'),
(175, 49, 177, 123, 1.00, 6393.43, 1.00, 0, '2025-06-03 11:59:55', '2025-06-03 12:04:16'),
(176, 50, 178, 125, 5.00, 2270.00, 5.00, 0, '2025-06-03 17:42:11', '2025-07-09 15:09:28'),
(177, 51, 179, 126, 1.00, 19512.66, 1.00, 0, '2025-06-05 13:49:35', '2025-06-05 13:51:05'),
(178, 52, 180, 127, 1.00, 973.77, 1.00, 0, '2025-06-13 16:16:12', '2025-06-13 16:17:47'),
(179, 53, 181, 128, 1.00, 5050.00, 1.00, 0, '2025-06-30 11:20:21', '2025-06-30 11:24:55'),
(180, 53, 182, 129, 2.00, 1400.00, 2.00, 0, '2025-06-30 11:20:21', '2025-06-30 11:24:55'),
(181, 53, 183, 130, 1.00, 750.00, 1.00, 0, '2025-06-30 11:20:21', '2025-06-30 11:24:55'),
(182, 53, 184, 131, 1.00, 760.00, 1.00, 0, '2025-06-30 11:20:21', '2025-06-30 11:24:55'),
(183, 53, 185, 132, 1.00, 1560.00, 1.00, 0, '2025-06-30 11:20:21', '2025-06-30 11:24:55'),
(184, 54, 186, 126, 1.00, 19512.66, 1.00, 0, '2025-07-02 10:57:56', '2025-07-02 14:55:00'),
(185, 55, 187, 133, 7.00, 1250.00, 7.00, 0, '2025-07-04 15:56:26', '2025-08-01 16:44:31'),
(186, 55, 188, 134, 3.00, 560.00, 3.00, 0, '2025-07-04 15:56:26', '2025-08-01 16:44:31'),
(187, 55, 189, 135, 4.00, 180.00, 4.00, 0, '2025-07-04 15:56:26', '2025-08-01 16:44:31'),
(188, 55, 190, 136, 100.00, 5.00, 100.00, 0, '2025-07-04 15:56:26', '2025-08-01 16:44:31'),
(189, 55, 191, 137, 4.00, 470.00, 4.00, 0, '2025-07-04 15:56:26', '2025-08-01 16:44:31'),
(190, 56, 192, 105, 1.00, 7154.42, 1.00, 0, '2025-07-11 12:40:08', '2025-07-11 12:42:36'),
(191, 57, 193, 85, 100.00, 595.00, 100.00, 0, '2025-07-11 16:39:15', '2025-08-21 09:12:49'),
(192, 58, 194, 105, 1.00, 7154.42, NULL, 1, '2025-07-14 09:22:09', '2025-07-14 09:22:09'),
(193, 59, 195, 138, 1.00, 1770.00, 1.00, 0, '2025-07-22 12:17:48', '2025-09-01 15:46:01'),
(194, 59, 196, 67, 4.00, 700.00, 4.00, 0, '2025-07-22 12:17:48', '2025-07-22 12:20:57'),
(195, 59, 197, 129, 2.00, 1400.00, 2.00, 0, '2025-07-22 12:17:48', '2025-07-22 12:41:33'),
(196, 59, 198, 130, 1.00, 750.00, 1.00, 0, '2025-07-22 12:17:48', '2025-07-22 12:41:33'),
(197, 59, 199, 131, 1.00, 760.00, 1.00, 0, '2025-07-22 12:17:48', '2025-07-22 12:41:33'),
(198, 60, 200, 139, 1.00, 11514.75, 1.00, 0, '2025-07-30 10:37:07', '2025-07-30 10:38:11'),
(199, 61, 201, 140, 1.00, 31254.24, 1.00, 0, '2025-08-04 12:15:26', '2025-08-04 12:16:12'),
(200, 62, 202, 141, 2.00, 3605.00, 2.00, 0, '2025-08-04 12:52:33', '2025-08-19 13:13:58'),
(201, 63, 203, 142, 1.00, 6579.86, 1.00, 0, '2025-08-06 12:34:54', '2025-08-06 12:35:56'),
(202, 64, 204, 143, 1.00, 14240.00, 1.00, 0, '2025-08-07 13:51:10', '2025-08-07 14:01:49'),
(203, 64, 205, 144, 1.00, 8000.00, 1.00, 0, '2025-08-07 13:51:10', '2025-08-07 14:01:49'),
(204, 65, 206, 85, 50.00, 505.74, 50.00, 0, '2025-08-11 16:19:05', '2025-09-02 14:20:18'),
(205, 66, 207, 145, 1.00, 115119.88, 1.00, 0, '2025-08-14 10:50:43', '2025-08-14 10:59:32'),
(206, 66, 208, 146, 2.00, 2168.07, 2.00, 0, '2025-08-14 10:50:43', '2025-08-14 10:59:32'),
(207, 66, 209, 147, 1.00, 2694.52, 1.00, 0, '2025-08-14 10:50:43', '2025-08-14 10:59:32'),
(208, 66, 210, 148, 1.00, 2108.88, 1.00, 0, '2025-08-14 10:50:43', '2025-08-14 10:59:32'),
(209, 66, 211, 149, 2.00, 11320.08, 2.00, 0, '2025-08-14 10:50:43', '2025-08-14 10:59:32'),
(210, 66, 212, 150, 2.00, 15100.63, 2.00, 0, '2025-08-14 10:50:43', '2025-08-14 10:59:32'),
(211, 66, 213, 151, 1.00, 11071.03, 1.00, 0, '2025-08-14 10:50:43', '2025-08-14 10:59:32'),
(212, 66, 214, 152, 1.00, 2474.73, 1.00, 0, '2025-08-14 10:50:43', '2025-08-14 10:59:32'),
(213, 67, 215, 154, 1.00, 2340.22, 1.00, 0, '2025-08-14 14:48:05', '2025-08-14 14:49:03'),
(214, 68, 216, 6, 5.00, 1.00, 5.00, 0, '2025-08-18 16:31:58', '2025-12-15 12:26:56'),
(215, 69, 217, 155, 1.00, 5042.71, 1.00, 0, '2025-08-25 12:13:10', '2025-08-25 12:14:49'),
(216, 70, 218, 157, 1.00, 4410.00, 1.00, 0, '2025-08-26 15:54:13', '2025-08-26 15:56:30'),
(217, 71, 219, 156, 1.00, 3068.94, 1.00, 0, '2025-08-26 15:54:32', '2025-08-26 15:57:03'),
(218, 72, 220, 159, 1.00, 1400.00, 1.00, 0, '2025-08-27 12:38:02', '2025-08-27 12:40:52'),
(219, 73, 221, 158, 1.00, 900.00, 1.00, 0, '2025-08-27 12:38:47', '2025-08-27 12:40:52'),
(220, 74, 222, 139, 1.00, 7744.82, 1.00, 0, '2025-09-01 15:24:58', '2025-09-01 15:26:24'),
(221, 75, 223, 85, 50.00, 561.00, 50.00, 0, '2025-09-01 15:37:58', '2025-09-12 09:41:02'),
(222, 76, 226, 1, 25.00, 1700.00, 25.00, 0, '2025-09-02 16:00:49', '2025-12-10 12:46:09'),
(223, 77, 228, 160, 1.00, 17884.06, 1.00, 0, '2025-09-03 12:06:19', '2025-09-03 12:09:42'),
(224, 78, 229, 161, 4.00, 5000.00, 4.00, 0, '2025-09-08 14:24:19', '2025-09-08 14:33:30'),
(225, 79, 230, 158, 1.00, 900.00, 1.00, 0, '2025-09-08 15:53:00', '2025-09-08 15:53:36'),
(240, 81, 231, 162, 10.00, 450.00, 8.00, 1, '2025-09-12 12:07:03', '2026-01-22 13:00:56'),
(241, 81, 232, 163, 10.00, 450.00, 10.00, 0, '2025-09-12 12:07:03', '2026-02-18 10:04:27'),
(242, 81, 233, 24, 20.00, 70.00, 18.00, 1, '2025-09-12 12:07:03', '2026-02-17 09:12:35'),
(243, 81, 234, 164, 20.00, 70.00, 20.00, 0, '2025-09-12 12:07:03', '2026-02-16 10:28:34'),
(244, 81, 235, 23, 10.00, 60.00, 4.00, 1, '2025-09-12 12:07:03', '2025-11-19 17:17:07'),
(245, 81, 236, 22, 10.00, 60.00, 10.00, 0, '2025-09-12 12:07:03', '2026-02-02 14:55:07'),
(246, 81, 237, 30, 5.00, 275.00, NULL, 1, '2025-09-12 12:07:03', '2025-09-12 12:07:03'),
(247, 81, 238, 165, 10.00, 100.00, 8.00, 1, '2025-09-12 12:07:03', '2026-02-17 09:12:35'),
(248, 81, 239, 166, 10.00, 100.00, 10.00, 0, '2025-09-12 12:07:03', '2025-11-03 10:53:44'),
(249, 81, 240, 34, 4.00, 400.00, 1.00, 1, '2025-09-12 12:07:03', '2025-12-08 17:15:08'),
(250, 81, 241, 41, 10.00, 20.00, 2.00, 1, '2025-09-12 12:07:03', '2025-09-30 15:37:54'),
(251, 81, 242, 44, 10.00, 20.00, 9.00, 1, '2025-09-12 12:07:03', '2025-09-30 15:37:54'),
(252, 81, 243, 43, 10.00, 20.00, 1.00, 1, '2025-09-12 12:07:03', '2025-09-30 15:37:54'),
(253, 81, 244, 135, 3.00, 150.00, 3.00, 0, '2025-09-12 12:07:03', '2025-09-26 15:31:14'),
(254, 82, 245, 85, 100.00, 561.00, 100.00, 0, '2025-09-13 11:08:39', '2025-10-07 16:27:38'),
(255, 83, 246, 170, 2.00, 2300.00, 1.00, 1, '2025-09-18 12:07:24', '2025-09-18 12:08:58'),
(256, 83, 247, 171, 4.00, 310.00, 2.00, 1, '2025-09-18 12:07:24', '2025-09-18 12:08:58'),
(257, 84, 248, 172, 1.00, 10351.30, 1.00, 0, '2025-09-18 16:41:27', '2025-09-18 16:42:55'),
(258, 85, 249, 158, 5.00, 900.00, 5.00, 0, '2025-09-19 14:37:34', '2025-10-20 17:24:35'),
(259, 86, 251, 80, 5.00, 2480.00, 5.00, 0, '2025-09-19 15:02:00', '2025-10-20 17:24:35'),
(260, 86, 252, 38, 5.00, 150.00, NULL, 1, '2025-09-19 15:02:00', '2025-09-19 15:02:00'),
(261, 87, 253, 173, 10.00, 100.00, 3.00, 1, '2025-09-19 15:02:21', '2025-09-24 12:18:10'),
(262, 88, 254, 161, 4.00, 4310.00, 4.00, 0, '2025-09-23 12:13:51', '2025-09-26 15:41:03'),
(263, 88, 255, 144, 1.00, 7980.00, 1.00, 0, '2025-09-23 12:13:51', '2025-09-26 15:41:03'),
(264, 89, 256, 62, 10.00, 870.00, NULL, 1, '2025-09-23 12:15:16', '2025-09-23 12:15:16'),
(265, 90, 257, 174, 10.00, 10.42, NULL, 1, '2025-09-23 12:17:36', '2025-09-23 12:17:36'),
(266, 90, 258, 175, 10.00, 1.60, NULL, 1, '2025-09-23 12:17:36', '2025-09-23 12:17:36'),
(267, 90, 259, 176, 10.00, 1.62, NULL, 1, '2025-09-23 12:17:36', '2025-09-23 12:17:36'),
(268, 90, 260, 177, 2.00, 180.00, 2.00, 0, '2025-09-23 12:17:36', '2025-10-20 17:24:35'),
(269, 90, 261, 136, 100.00, 4.25, NULL, 1, '2025-09-23 12:17:36', '2025-09-23 12:17:36'),
(270, 91, 262, 179, 10.00, 300.00, 10.00, 0, '2025-09-23 12:20:00', '2025-11-10 16:31:59'),
(271, 91, 263, 180, 10.00, 400.00, 10.00, 0, '2025-09-23 12:20:00', '2025-11-10 16:31:59'),
(272, 91, 264, 178, 5.00, 3000.00, 5.00, 0, '2025-09-23 12:20:00', '2025-11-10 16:31:59'),
(273, 91, 265, 64, 10.00, 60.00, 10.00, 0, '2025-09-23 12:20:00', '2025-09-26 15:31:14'),
(274, 91, 266, 181, 1.00, 600.00, 1.00, 0, '2025-09-23 12:20:00', '2025-09-23 14:04:08'),
(275, 92, 267, 182, 24.00, 230.00, 24.00, 0, '2025-09-23 12:21:17', '2025-09-26 15:31:14'),
(276, 92, 268, 183, 1.00, 150.00, NULL, 1, '2025-09-23 12:21:17', '2025-09-23 12:21:17'),
(277, 93, 269, 100, 1.00, 720.00, 1.00, 0, '2025-09-23 12:21:55', '2025-10-23 12:40:57'),
(278, 93, 270, 75, 1.00, 1870.00, 1.00, 0, '2025-09-23 12:21:55', '2025-10-23 12:40:57'),
(279, 94, 271, 161, 2.00, 4310.00, 2.00, 0, '2025-09-29 13:06:10', '2025-09-30 15:28:30'),
(280, 94, 272, 131, 1.00, 780.00, 1.00, 0, '2025-09-29 13:06:10', '2025-09-30 15:28:30'),
(281, 94, 273, 130, 1.00, 770.00, 1.00, 0, '2025-09-29 13:06:10', '2025-09-30 15:28:30'),
(282, 94, 274, 129, 2.00, 1440.00, 2.00, 0, '2025-09-29 13:06:10', '2025-09-30 15:28:30'),
(285, 97, 275, 182, 14.00, 245.00, 14.00, 0, '2025-09-29 13:28:30', '2025-10-20 17:24:35'),
(286, 98, 276, 64, 10.00, 80.00, 10.00, 0, '2025-09-29 13:29:48', '2025-12-29 17:01:20'),
(287, 99, 277, 135, 2.00, 207.00, 2.00, 0, '2025-09-29 13:31:17', '2025-10-20 17:24:35'),
(288, 99, 278, 184, 4.00, 1053.00, 4.00, 0, '2025-09-29 13:31:17', '2025-10-20 17:24:35'),
(289, 100, 279, 167, 10.00, 1.00, 10.00, 0, '2025-09-30 17:11:17', '2025-12-22 14:14:11'),
(290, 100, 280, 168, 10.00, 1.00, 10.00, 0, '2025-09-30 17:11:17', '2025-12-22 14:14:11'),
(291, 100, 281, 169, 10.00, 1.00, 5.00, 1, '2025-09-30 17:11:17', '2026-02-02 14:57:22'),
(292, 101, 282, 84, 50.00, 4962.50, 37.00, 1, '2025-10-01 16:02:33', '2026-05-08 10:07:19'),
(293, 102, 283, 187, 10.00, 1.00, 10.00, 0, '2025-10-03 17:49:23', '2025-11-12 16:43:31'),
(294, 102, 284, 186, 5.00, 1.00, 5.00, 0, '2025-10-03 17:49:23', '2025-11-12 16:43:31'),
(295, 102, 285, 185, 6.00, 1.00, 5.00, 1, '2025-10-03 17:49:23', '2025-11-12 16:43:31'),
(296, 103, 286, 188, 1.00, 2950.00, 1.00, 0, '2025-10-08 16:55:05', '2025-10-08 17:07:56'),
(297, 104, 287, 189, 12.00, 916.67, 6.00, 1, '2025-10-08 17:06:53', '2025-11-12 16:43:31'),
(298, 105, 288, 85, 100.00, 561.00, 100.00, 0, '2025-10-13 13:40:14', '2025-12-17 11:31:08'),
(299, 106, 289, 190, 3.00, 1000.00, 3.00, 0, '2025-10-15 11:07:13', '2025-10-15 11:19:14'),
(300, 107, 290, 67, 4.00, 1170.00, 4.00, 0, '2025-10-20 16:09:27', '2026-01-08 09:57:44'),
(301, 108, 296, 102, 1.00, 34130.00, 1.00, 0, '2025-10-20 16:48:57', '2026-03-04 11:40:47'),
(302, 108, 297, 101, 1.00, 67100.00, 1.00, 0, '2025-10-20 16:48:57', '2026-03-04 11:40:47'),
(303, 108, 298, 103, 1.00, 29120.00, 1.00, 0, '2025-10-20 16:48:57', '2026-03-04 11:40:47'),
(304, 108, 299, 104, 1.00, 1780.00, 1.00, 0, '2025-10-20 16:48:57', '2026-03-04 11:40:47'),
(305, 108, 300, 192, 1.00, 1540.00, 1.00, 0, '2025-10-20 16:48:57', '2026-03-04 11:40:47'),
(306, 109, 301, 68, 1.00, 12634.28, 1.00, 0, '2025-10-20 17:02:13', '2025-10-20 17:04:48'),
(307, 109, 302, 193, 1.00, 6699.00, 1.00, 0, '2025-10-20 17:02:13', '2025-10-20 17:03:21'),
(308, 110, 303, 194, 4.00, 1990.00, 4.00, 0, '2025-10-22 13:22:45', '2026-02-16 13:27:48'),
(309, 110, 304, 195, 1.00, 3600.00, 1.00, 0, '2025-10-22 13:22:45', '2025-10-23 12:43:16'),
(310, 110, 305, 75, 2.00, 1870.00, 2.00, 0, '2025-10-22 13:22:45', '2025-12-01 09:10:16'),
(311, 110, 306, 100, 2.00, 1240.00, 2.00, 0, '2025-10-22 13:22:45', '2025-12-05 12:27:33'),
(312, 111, 307, 196, 1.00, 13020.70, 1.00, 0, '2025-10-28 14:15:37', '2025-10-28 14:16:52'),
(313, 112, 308, 138, 1.00, 1663.94, 1.00, 0, '2025-10-28 14:16:03', '2025-11-13 12:45:05'),
(314, 113, 309, 5, 10.00, 7745.00, 1.00, 1, '2025-11-10 13:21:51', '2026-01-14 13:23:12'),
(315, 113, 310, 7, 10.00, 8180.00, 3.00, 1, '2025-11-10 13:21:51', '2026-01-14 13:23:12'),
(316, 113, 311, 6, 10.00, 7100.00, 3.00, 1, '2025-11-10 13:21:51', '2026-01-14 13:23:12'),
(317, 113, 312, 86, 5.00, 5950.00, 5.00, 0, '2025-11-10 13:21:51', '2026-01-06 12:05:45'),
(318, 114, 313, 197, 1.00, 8590.00, 1.00, 0, '2025-11-10 15:28:46', '2025-11-10 15:48:23'),
(319, 114, 314, 198, 1.00, 6030.00, 1.00, 0, '2025-11-10 15:28:46', '2025-11-10 15:48:23'),
(320, 114, 315, 199, 1.00, 4030.00, 1.00, 0, '2025-11-10 15:28:46', '2025-11-10 15:48:23'),
(321, 115, 317, 200, 1.00, 20500.00, 1.00, 0, '2025-11-18 13:52:07', '2025-11-18 13:53:06'),
(322, 116, 318, 85, 100.00, 505.75, 100.00, 0, '2025-11-20 15:44:34', '2025-12-22 15:06:12'),
(323, 117, 319, 202, 1.00, 170.00, 1.00, 0, '2025-11-21 10:17:54', '2025-11-21 10:20:07'),
(324, 117, 320, 201, 2.00, 2320.00, 2.00, 0, '2025-11-21 10:17:54', '2026-02-18 10:03:33'),
(325, 118, 321, 203, 1.00, 12390.00, 1.00, 0, '2025-11-24 16:05:18', '2025-11-24 16:06:31'),
(326, 119, 322, 204, 1.00, 10940.00, 1.00, 0, '2025-11-25 14:32:04', '2025-11-25 14:33:52'),
(327, 119, 323, 93, 1.00, 2850.00, 1.00, 0, '2025-11-25 14:32:04', '2025-11-25 14:33:52'),
(328, 120, 324, 205, 1.00, 1500.00, 1.00, 0, '2025-12-02 14:40:57', '2025-12-02 14:41:53'),
(329, 121, 326, 206, 1.00, 961.53, 1.00, 0, '2025-12-05 17:00:31', '2025-12-05 17:01:59'),
(330, 121, 327, 207, 1.00, 220.05, 1.00, 0, '2025-12-05 17:00:31', '2025-12-05 17:01:59'),
(331, 122, 325, 76, 20.00, 82459.00, 20.00, 0, '2025-12-09 14:36:25', '2026-01-30 17:04:50'),
(332, 123, 328, 1, 25.00, 1700.00, 25.00, 0, '2025-12-09 16:01:17', '2026-02-11 12:26:30'),
(333, 124, 329, 208, 1.00, 36582.57, 1.00, 0, '2025-12-17 12:09:20', '2025-12-18 14:37:30'),
(334, 124, 330, 209, 1.00, 15549.87, 1.00, 0, '2025-12-17 12:09:20', '2025-12-17 15:58:55'),
(335, 125, 331, 85, 100.00, 474.97, 100.00, 0, '2025-12-24 13:41:50', '2026-01-26 11:21:59'),
(336, 126, 332, 210, 1.00, 13669.25, 1.00, 0, '2025-12-29 12:54:57', '2025-12-29 12:55:38'),
(337, 127, 333, 211, 1.00, 2300.00, 1.00, 0, '2025-12-29 17:00:26', '2025-12-29 17:01:20'),
(340, 130, 335, 85, 100.00, 476.00, 100.00, 0, '2026-01-27 10:40:35', '2026-02-03 09:30:57'),
(341, 131, 340, 212, 2.00, 1440.00, 2.00, 0, '2026-01-28 13:45:14', '2026-01-28 13:56:55'),
(342, 131, 341, 161, 2.00, 4600.00, 2.00, 0, '2026-01-28 13:45:14', '2026-01-28 13:53:03'),
(343, 131, 342, 213, 2.00, 440.00, 2.00, 0, '2026-01-28 13:45:14', '2026-02-11 17:26:10'),
(344, 131, 343, 193, 1.00, 6500.00, 1.00, 0, '2026-01-28 13:45:14', '2026-01-28 13:53:03'),
(345, 132, 344, 212, 1.00, 2214.20, 1.00, 0, '2026-01-28 13:45:38', '2026-01-28 13:56:55'),
(346, 133, 345, 202, 5.00, 130.00, 2.00, 1, '2026-01-28 13:45:53', '2026-01-28 13:53:03'),
(347, 134, 346, 138, 1.00, 1663.94, 1.00, 0, '2026-01-28 14:15:40', '2026-01-28 14:17:05'),
(348, 134, 347, 206, 1.00, 961.53, 1.00, 0, '2026-01-28 14:15:40', '2026-01-28 14:17:05'),
(349, 135, 348, 214, 1.00, 2053.70, 1.00, 0, '2026-01-28 14:43:13', '2026-01-28 14:45:16'),
(350, 135, 349, 215, 1.00, 2002.61, 1.00, 0, '2026-01-28 14:43:13', '2026-01-28 14:45:16'),
(351, 135, 350, 216, 1.00, 9764.81, 1.00, 0, '2026-01-28 14:43:13', '2026-01-28 14:45:16'),
(352, 135, 351, 156, 2.00, 3068.94, 2.00, 0, '2026-01-28 14:43:13', '2026-01-28 14:45:16'),
(353, 136, 352, 85, 100.00, 476.00, 100.00, 0, '2026-02-11 14:26:34', '2026-02-24 17:23:15'),
(354, 137, 353, 1, 20.00, 1750.00, 19.00, 1, '2026-02-17 14:41:00', '2026-05-08 10:07:19'),
(355, 138, 354, 138, 1.00, 1663.94, 1.00, 0, '2026-02-18 14:43:18', '2026-02-18 14:45:05'),
(356, 138, 355, 206, 1.00, 961.53, 1.00, 0, '2026-02-18 14:43:18', '2026-02-18 14:45:05'),
(359, 140, 358, 85, 100.00, 476.00, 100.00, 0, '2026-02-26 13:43:50', '2026-03-27 10:09:39'),
(360, 140, 359, 217, 1.00, 12953.33, 1.00, 0, '2026-02-26 13:43:50', '2026-02-26 13:46:23'),
(361, 141, 360, 172, 1.00, 10351.30, 1.00, 0, '2026-03-17 10:52:00', '2026-03-17 10:52:56'),
(362, 142, 361, 85, 150.00, 395.00, 150.00, 0, '2026-03-27 14:40:44', '2026-05-04 12:26:35'),
(363, 142, 362, 100, 1.00, 1260.00, 1.00, 0, '2026-03-27 14:40:44', '2026-03-30 09:51:13'),
(364, 142, 363, 75, 1.00, 1795.00, 1.00, 0, '2026-03-27 14:40:44', '2026-03-30 09:51:13'),
(365, 143, 364, 108, 1.00, 5369.06, 1.00, 0, '2026-03-30 16:27:51', '2026-03-30 16:31:50'),
(366, 144, 365, 218, 32.00, 63500.00, 32.00, 0, '2026-03-30 16:43:45', '2026-03-30 16:45:14'),
(367, 145, 366, 219, 1.00, 13400.25, 1.00, 0, '2026-04-22 16:08:53', '2026-04-22 16:10:38'),
(368, 146, 367, 201, 2.00, 2430.00, 1.00, 1, '2026-04-22 16:25:38', '2026-04-22 16:28:14'),
(369, 147, 368, 220, 1.00, 7525.78, 1.00, 0, '2026-04-22 16:55:09', '2026-04-22 16:58:23'),
(370, 147, 369, 221, 1.00, 3612.38, 1.00, 0, '2026-04-22 16:55:09', '2026-04-22 16:58:23'),
(371, 148, 370, 108, 1.00, 5694.42, 1.00, 0, '2026-04-23 11:34:49', '2026-04-23 11:58:36'),
(372, 149, 371, 223, 1.00, 16354.80, 1.00, 0, '2026-04-23 11:55:51', '2026-04-23 11:58:36'),
(373, 149, 372, 222, 1.00, 1132.22, 1.00, 0, '2026-04-23 11:55:51', '2026-04-23 11:58:36'),
(374, 150, 373, 85, 100.00, 426.00, 30.00, 1, '2026-05-05 16:21:11', '2026-05-05 16:22:29');

-- --------------------------------------------------------

--
-- Table structure for table `grn_serial_numbers`
--

CREATE TABLE `grn_serial_numbers` (
  `id` int(10) UNSIGNED NOT NULL,
  `grn_id` int(10) UNSIGNED NOT NULL,
  `grn_product_id` int(10) UNSIGNED NOT NULL,
  `product_id` int(10) UNSIGNED NOT NULL,
  `serial_number` varchar(255) NOT NULL,
  `is_active` tinyint(1) NOT NULL DEFAULT 1,
  `created_by` int(11) NOT NULL,
  `updated_by` int(11) NOT NULL,
  `created_at` timestamp NULL DEFAULT NULL,
  `updated_at` timestamp NULL DEFAULT NULL
) ENGINE=InnoDB DEFAULT CHARSET=utf8mb4 COLLATE=utf8mb4_unicode_ci;

--
-- Dumping data for table `grn_serial_numbers`
--

INSERT INTO `grn_serial_numbers` (`id`, `grn_id`, `grn_product_id`, `product_id`, `serial_number`, `is_active`, `created_by`, `updated_by`, `created_at`, `updated_at`) VALUES
(1, 122, 331, 76, '254999868', 0, 5, 5, '2025-12-09 14:36:25', '2026-01-30 17:04:50'),
(2, 122, 331, 76, '254999857', 0, 5, 5, '2025-12-09 14:36:25', '2026-01-30 17:04:50'),
(3, 122, 331, 76, '254999894', 0, 5, 5, '2025-12-09 14:36:25', '2026-01-30 17:04:50'),
(4, 122, 331, 76, '254393860', 0, 5, 5, '2025-12-09 14:36:25', '2026-01-30 17:04:50'),
(5, 122, 331, 76, '254999936', 0, 5, 5, '2025-12-09 14:36:25', '2026-01-30 17:04:50'),
(6, 122, 331, 76, '254999858', 0, 5, 5, '2025-12-09 14:36:25', '2026-01-30 17:04:50'),
(7, 122, 331, 76, '254900411', 0, 5, 5, '2025-12-09 14:36:25', '2026-01-30 17:04:50'),
(8, 122, 331, 76, '254900412', 0, 5, 5, '2025-12-09 14:36:25', '2026-01-30 17:04:50'),
(9, 122, 331, 76, '254900409', 0, 5, 5, '2025-12-09 14:36:25', '2026-01-30 17:04:50'),
(10, 122, 331, 76, '254900410', 0, 5, 5, '2025-12-09 14:36:25', '2026-01-30 17:04:50'),
(11, 122, 331, 76, '254999821', 0, 5, 5, '2025-12-09 14:36:25', '2026-01-30 17:04:50'),
(12, 122, 331, 76, '254900415', 0, 5, 5, '2025-12-09 14:36:25', '2026-01-30 17:04:50'),
(13, 122, 331, 76, '254900416', 0, 5, 5, '2025-12-09 14:36:25', '2026-01-30 17:04:50'),
(14, 122, 331, 76, '254999826', 0, 5, 5, '2025-12-09 14:36:25', '2026-01-30 17:04:50'),
(15, 122, 331, 76, '254900413', 0, 5, 5, '2025-12-09 14:36:25', '2026-01-30 17:04:50'),
(16, 122, 331, 76, '254999827', 0, 5, 5, '2025-12-09 14:36:25', '2026-01-30 17:04:50'),
(17, 122, 331, 76, '254999988', 0, 5, 5, '2025-12-09 14:36:25', '2026-01-30 17:04:50'),
(18, 122, 331, 76, '254999838', 0, 5, 5, '2025-12-09 14:36:25', '2026-01-30 17:04:50'),
(19, 122, 331, 76, '254999840', 0, 5, 5, '2025-12-09 14:36:25', '2026-01-30 17:04:50'),
(20, 122, 331, 76, '254999863', 0, 5, 5, '2025-12-09 14:36:25', '2026-01-30 17:04:50');

-- --------------------------------------------------------

--
-- Table structure for table `issue_notes`
--

CREATE TABLE `issue_notes` (
  `id` int(10) UNSIGNED NOT NULL,
  `issue_note_number` varchar(255) NOT NULL,
  `issue_note_date` varchar(255) NOT NULL,
  `driver_name` varchar(255) DEFAULT NULL,
  `lorry_number` varchar(255) DEFAULT NULL,
  `remarks` varchar(255) DEFAULT NULL,
  `status` int(11) NOT NULL DEFAULT 0,
  `created_by` int(11) NOT NULL,
  `updated_by` int(11) NOT NULL,
  `created_at` timestamp NULL DEFAULT NULL,
  `updated_at` timestamp NULL DEFAULT NULL
) ENGINE=InnoDB DEFAULT CHARSET=utf8mb4 COLLATE=utf8mb4_unicode_ci;

--
-- Dumping data for table `issue_notes`
--

INSERT INTO `issue_notes` (`id`, `issue_note_number`, `issue_note_date`, `driver_name`, `lorry_number`, `remarks`, `status`, `created_by`, `updated_by`, `created_at`, `updated_at`) VALUES
(70, 'IN-000001', '25-04-2025', 'Anjana', 'wrong enter by Anjana', 'wrong enter', 0, 1, 1, '2025-04-25 15:42:13', '2025-04-25 15:42:13'),
(71, 'IN-000002', '28-04-2025', 'RAJAGURU', 'LY-2692', NULL, 0, 5, 5, '2025-04-28 17:25:36', '2025-04-28 17:25:36'),
(72, 'IN-000003', '29-04-2025', 'NIHAL', 'LX-2701', NULL, 0, 5, 5, '2025-04-29 12:38:53', '2025-04-29 12:38:53'),
(73, 'IN-000004', '29-04-2025', 'MANJULA', 'LY-5192', NULL, 0, 5, 5, '2025-04-29 22:32:06', '2025-04-29 22:32:06'),
(74, 'IN-000005', '30-04-2025', 'MALSHAN', 'LX-2709', NULL, 0, 5, 5, '2025-04-30 06:34:35', '2025-04-30 06:34:35'),
(75, 'IN-000006', '30-04-2025', 'MALSHAN', 'LX-2709', NULL, 0, 5, 5, '2025-04-30 10:04:04', '2025-04-30 10:04:04'),
(76, 'IN-000007', '30-04-2025', 'MADUSHA', 'LM-3543', NULL, 0, 5, 5, '2025-04-30 12:17:32', '2025-04-30 12:17:32'),
(77, 'IN-000008', '30-04-2025', 'MALSHAN', 'LY-2698', NULL, 0, 5, 5, '2025-04-30 19:44:15', '2025-04-30 19:44:15'),
(78, 'IN-000009', '02-05-2025', 'MANJULA', 'LX-2884', NULL, 0, 5, 5, '2025-05-02 10:49:10', '2025-05-02 10:49:10'),
(79, 'IN-000010', '02-05-2025', 'PRADEEP', 'LM-3547', NULL, 0, 5, 5, '2025-05-02 11:19:26', '2025-05-02 11:19:26'),
(80, 'IN-000011', '06-05-2025', 'MADUSHA', 'LM-3543', NULL, 0, 5, 5, '2025-05-06 12:15:13', '2025-05-06 12:15:13'),
(81, 'IN-000012', '07-05-2025', 'KUMARA', 'LX-4093', NULL, 0, 5, 5, '2025-05-07 17:05:09', '2025-05-07 17:05:09'),
(82, 'IN-000013', '08-05-2025', 'LESLI', 'LX-2702', NULL, 0, 5, 5, '2025-05-08 08:33:19', '2025-05-08 08:33:19'),
(83, 'IN-000014', '08-05-2025', 'SHANAKA', 'LM-3547', NULL, 0, 5, 5, '2025-05-08 15:10:09', '2025-05-08 15:10:09'),
(84, 'IN-000015', '09-05-2025', 'SHANAKA', 'LM-3547', NULL, 0, 5, 5, '2025-05-09 12:04:38', '2025-05-09 12:04:38'),
(85, 'IN-000016', '09-05-2025', 'MANJULA', 'LX-2883', NULL, 0, 5, 5, '2025-05-09 15:49:44', '2025-05-09 15:49:44'),
(86, 'IN-000017', '14-05-2025', 'LALITH', 'LY-5195', NULL, 0, 5, 5, '2025-05-14 08:57:23', '2025-05-14 08:57:23'),
(87, 'IN-000018', '14-05-2025', 'LALITH', 'LY-5195', NULL, 0, 5, 5, '2025-05-14 09:03:31', '2025-05-14 09:03:31'),
(88, 'IN-000019', '14-05-2025', 'KUMARA', 'LY-5198', NULL, 0, 5, 5, '2025-05-14 12:04:11', '2025-05-14 12:04:11'),
(89, 'IN-000020', '15-05-2025', 'ASELA', 'LY-5194', NULL, 0, 5, 5, '2025-05-15 12:59:39', '2025-05-15 12:59:39'),
(90, 'IN-000021', '15-05-2025', 'MADUSHA', 'LM-3543', NULL, 0, 5, 5, '2025-05-15 15:46:54', '2025-05-15 15:46:54'),
(91, 'IN-000022', '15-05-2025', 'SHANAKA', 'LY-2699', NULL, 0, 5, 5, '2025-05-15 15:50:57', '2025-05-15 15:50:57'),
(92, 'IN-000023', '16-05-2025', 'INDIKA', 'LX-2703', NULL, 0, 5, 5, '2025-05-16 17:04:43', '2025-05-16 17:04:43'),
(93, 'IN-000024', '17-05-2025', 'UPAMADA', 'LY-2697', NULL, 0, 5, 5, '2025-05-17 12:31:33', '2025-05-17 12:31:33'),
(94, 'IN-000025', '19-05-2025', 'CHINTHAKA', 'LX-4099', NULL, 0, 5, 5, '2025-05-19 10:48:31', '2025-05-19 10:48:31'),
(95, 'IN-000026', '19-05-2025', 'UPAMADA', 'LX-4094', NULL, 0, 5, 5, '2025-05-19 11:10:39', '2025-05-19 11:10:39'),
(96, 'IN-000027', '19-05-2025', 'JAYARATHNA', 'LM-3545', NULL, 0, 5, 5, '2025-05-19 15:19:34', '2025-05-19 15:19:34'),
(97, 'IN-000028', '20-05-2025', 'ANJANA', 'LX-2698', NULL, 0, 5, 5, '2025-05-20 17:13:32', '2025-05-20 17:13:32'),
(98, 'IN-000029', '21-05-2025', 'MADUSHA', 'LM-3543', NULL, 0, 5, 5, '2025-05-21 17:27:23', '2025-05-21 17:27:23'),
(99, 'IN-000030', '26-05-2025', 'MANJULA', 'LY-5192', NULL, 0, 5, 5, '2025-05-26 10:59:34', '2025-05-26 10:59:34'),
(100, 'IN-000031', '26-05-2025', 'CHINTHAKA', 'LY-5193', NULL, 0, 5, 5, '2025-05-26 13:21:42', '2025-05-26 13:21:42'),
(101, 'IN-000032', '27-05-2025', 'LESLI', 'LY-2715', NULL, 0, 5, 5, '2025-05-27 11:34:16', '2025-05-27 11:34:16'),
(102, 'IN-000033', '27-05-2025', 'LESLI', 'LY-2715', NULL, 0, 5, 5, '2025-05-27 14:34:17', '2025-05-27 14:34:17'),
(103, 'IN-000034', '27-05-2025', 'CHINTHAKA', 'LY-5193', NULL, 0, 5, 5, '2025-05-27 14:45:46', '2025-05-27 14:45:46'),
(104, 'IN-000035', '28-05-2025', 'ANJANA', 'LX-4095', NULL, 0, 5, 5, '2025-05-28 11:59:09', '2025-05-28 11:59:09'),
(105, 'IN-000036', '28-05-2025', 'KUMARA', 'LX-4098', NULL, 0, 5, 5, '2025-05-28 12:00:55', '2025-05-28 12:00:55'),
(106, 'IN-000037', '28-05-2025', 'KUMARA', 'LY-5195', NULL, 0, 5, 5, '2025-05-28 12:07:40', '2025-05-28 12:07:40'),
(107, 'IN-000038', '29-05-2025', 'SHANTHA', 'LG-8838', NULL, 0, 5, 5, '2025-05-29 12:16:27', '2025-05-29 12:16:27'),
(108, 'IN-000039', '30-05-2025', 'SURANGA', 'LY-2694', NULL, 0, 5, 5, '2025-05-30 09:13:15', '2025-05-30 09:13:15'),
(109, 'IN-000040', '14-05-2025', 'DAMMIKA', 'LY-2699', NULL, 0, 5, 5, '2025-05-30 15:11:39', '2025-05-30 15:11:39'),
(110, 'IN-000041', '02-06-2025', 'CHINTHAKA', 'LX-4093', NULL, 0, 5, 5, '2025-06-02 14:46:34', '2025-06-02 14:46:34'),
(111, 'IN-000042', '02-06-2025', 'ASELA', 'LY-2699', NULL, 0, 5, 5, '2025-06-02 16:35:47', '2025-06-02 16:35:47'),
(112, 'IN-000043', '02-06-2025', 'ASELA', 'LY-2699', NULL, 0, 5, 5, '2025-06-02 17:12:45', '2025-06-02 17:12:45'),
(113, 'IN-000044', '03-06-2025', 'LALITH', 'LX-4095', NULL, 0, 5, 5, '2025-06-03 12:02:06', '2025-06-03 12:02:06'),
(114, 'IN-000045', '03-06-2025', 'SUMEDA', 'LP-0543', NULL, 0, 5, 5, '2025-06-03 12:04:16', '2025-06-03 12:04:16'),
(115, 'IN-000046', '04-06-2025', 'SALIYA', 'LM-3544', NULL, 0, 5, 5, '2025-06-04 12:05:49', '2025-06-04 12:05:49'),
(116, 'IN-000047', '05-06-2025', 'NIHAL', 'LX-2698', NULL, 0, 5, 5, '2025-06-05 13:51:05', '2025-06-05 13:51:05'),
(117, 'IN-000048', '06-06-2025', 'NIHAL', 'LY-2691', NULL, 0, 5, 5, '2025-06-06 08:36:14', '2025-06-06 08:36:14'),
(118, 'IN-000049', '07-06-2025', 'ANJANA', 'LX-2709', NULL, 0, 5, 5, '2025-06-07 10:45:54', '2025-06-07 10:45:54'),
(119, 'IN-000050', '09-06-2025', 'SAMITH', 'LY-2698', NULL, 0, 5, 5, '2025-06-09 15:55:59', '2025-06-09 15:55:59'),
(120, 'IN-000051', '09-06-2025', 'RAJAGURU', 'LY-2692', NULL, 0, 5, 5, '2025-06-09 16:48:20', '2025-06-09 16:48:20'),
(121, 'IN-000052', '11-06-2025', 'LESLI', 'LY-2715', NULL, 0, 5, 5, '2025-06-11 12:51:48', '2025-06-11 12:51:48'),
(122, 'IN-000053', '13-06-2025', 'SALIYA', 'LM-3544', NULL, 0, 5, 5, '2025-06-13 16:17:47', '2025-06-13 16:17:47'),
(123, 'IN-000054', '17-06-2025', 'ANJANA', 'lx4093', NULL, 0, 5, 5, '2025-06-17 12:12:26', '2025-06-17 12:12:26'),
(124, 'IN-000055', '19-06-2025', 'SURANGA', 'lx2707', NULL, 0, 5, 5, '2025-06-19 10:50:03', '2025-06-19 10:50:03'),
(125, 'IN-000056', '19-06-2025', 'MANJULA', 'LY-5192', NULL, 0, 5, 5, '2025-06-19 15:08:19', '2025-06-19 15:08:19'),
(126, 'IN-000057', '23-06-2025', 'MAHESH', 'LY-2699', NULL, 0, 5, 5, '2025-06-23 11:00:37', '2025-06-23 11:00:37'),
(127, 'IN-000058', '23-06-2025', 'RAJAGURU', 'LY-2692', NULL, 0, 5, 5, '2025-06-23 11:04:30', '2025-06-23 11:04:30'),
(128, 'IN-000059', '24-06-2025', 'ASELA', 'LY-5194', NULL, 0, 5, 5, '2025-06-24 10:27:45', '2025-06-24 10:27:45'),
(129, 'IN-000060', '24-06-2025', 'CHINTHAKA', 'LY-5193', NULL, 0, 5, 5, '2025-06-24 10:28:39', '2025-06-24 10:28:39'),
(130, 'IN-000061', '30-06-2025', 'LALITH', 'LY-5195', NULL, 0, 5, 5, '2025-06-30 11:22:13', '2025-06-30 11:22:13'),
(131, 'IN-000062', '30-06-2025', 'PRASAD', 'LY-2696', NULL, 0, 5, 5, '2025-06-30 11:24:55', '2025-06-30 11:24:55'),
(132, 'IN-000063', '01-07-2025', 'MANJULA', 'LY-5192', NULL, 0, 5, 5, '2025-07-01 16:12:59', '2025-07-01 16:12:59'),
(133, 'IN-000064', '02-07-2025', 'CHAMINDA', 'LM-3546', NULL, 0, 5, 5, '2025-07-02 13:31:44', '2025-07-02 13:31:44'),
(134, 'IN-000065', '02-07-2025', 'UPAMADA', 'LX-4096', NULL, 0, 5, 5, '2025-07-02 14:55:00', '2025-07-02 14:55:00'),
(135, 'IN-000066', '03-07-2025', 'PRADEEP', 'LM-3547', NULL, 0, 5, 5, '2025-07-03 17:23:18', '2025-07-03 17:23:18'),
(136, 'IN-000067', '05-07-2025', 'H.G.S.S.KULARATHNE', 'LY-2698', 'issued by Anjana', 0, 1, 1, '2025-07-05 10:57:17', '2025-07-05 10:57:17'),
(137, 'IN-000068', '08-07-2025', 'MAHESH', 'LY-2699', NULL, 0, 5, 5, '2025-07-08 15:59:04', '2025-07-08 15:59:04'),
(138, 'IN-000069', '08-07-2025', 'CHAMINDA', 'LM-3546', NULL, 0, 5, 5, '2025-07-09 09:41:28', '2025-07-09 09:41:28'),
(139, 'IN-000070', '09-07-2025', 'DAMMIKA', 'LY-2693', NULL, 0, 5, 5, '2025-07-09 15:09:28', '2025-07-09 15:09:28'),
(140, 'IN-000071', '11-07-2025', 'MECHANIC KUMARA', 'LY-2693', NULL, 0, 5, 5, '2025-07-11 12:42:36', '2025-07-11 12:42:36'),
(141, 'IN-000072', '11-07-2025', 'LALITH', 'LY-5195', NULL, 0, 5, 5, '2025-07-11 16:42:18', '2025-07-11 16:42:18'),
(142, 'IN-000073', '12-07-2025', 'ISURU', 'LX-2709', NULL, 0, 5, 5, '2025-07-12 11:52:10', '2025-07-12 11:52:10'),
(143, 'IN-000074', '16-07-2025', 'ANJANA', 'LX-2883', NULL, 0, 5, 5, '2025-07-16 15:10:00', '2025-07-16 15:10:00'),
(144, 'IN-000075', '14-07-2025', 'LESLI', 'LY-2715', NULL, 0, 5, 5, '2025-07-16 15:45:57', '2025-07-16 15:45:57'),
(145, 'IN-000076', '16-07-2025', 'LESLI', 'LX-2883', NULL, 0, 5, 5, '2025-07-16 15:47:22', '2025-07-16 15:47:22'),
(146, 'IN-000077', '21-07-2025', 'ERANJA', 'LY-2697', NULL, 0, 5, 5, '2025-07-21 13:15:34', '2025-07-21 13:15:34'),
(147, 'IN-000078', '21-07-2025', 'LALITH', 'LY-5195', NULL, 0, 5, 5, '2025-07-21 15:29:12', '2025-07-21 15:29:12'),
(148, 'IN-000079', '22-07-2025', 'ATHULA', 'LP-0547', NULL, 0, 5, 5, '2025-07-22 12:20:02', '2025-07-22 12:20:02'),
(149, 'IN-000080', '22-07-2025', 'UDAYA KUMARA', 'LP-0539', NULL, 0, 5, 5, '2025-07-22 12:20:57', '2025-07-22 12:20:57'),
(150, 'IN-000081', '22-07-2025', 'SHANAKA', 'LY-2697', NULL, 0, 5, 5, '2025-07-22 12:41:33', '2025-07-22 12:41:33'),
(151, 'IN-000082', '23-07-2025', 'LALITH', 'LY-5195', NULL, 0, 5, 5, '2025-07-23 15:35:57', '2025-07-23 15:35:57'),
(152, 'IN-000083', '24-07-2025', 'KUMARA', 'LY-5198', NULL, 0, 5, 5, '2025-07-24 11:34:50', '2025-07-24 11:34:50'),
(153, 'IN-000084', '28-07-2025', 'RAJAJURU', 'LX-2703', NULL, 0, 5, 5, '2025-07-28 12:04:43', '2025-07-28 12:04:43'),
(154, 'IN-000085', '30-07-2025', 'Chaminda', 'LM-3546', NULL, 0, 5, 5, '2025-07-30 10:38:11', '2025-07-30 10:38:11'),
(155, 'IN-000086', '31-07-2025', 'SALIYA', 'LM-3544', NULL, 0, 5, 5, '2025-07-31 09:40:38', '2025-07-31 09:40:38'),
(156, 'IN-000087', '01-08-2025', 'ANJANA', 'LX-2697/LX-2707/LX-4096/LX-2703/LX-2696/LX-2783', NULL, 0, 5, 5, '2025-08-01 16:44:31', '2025-08-01 16:44:31'),
(157, 'IN-000088', '01-08-2025', 'UPAMADA', 'LY-2695', NULL, 0, 5, 5, '2025-08-01 16:52:00', '2025-08-01 16:52:00'),
(158, 'IN-000089', '14-07-2025', 'MALITH', 'LX-2709', NULL, 0, 5, 5, '2025-08-01 17:10:37', '2025-08-01 17:10:37'),
(159, 'IN-000090', '04-08-2025', 'VIMALASENA', 'LP-0542', NULL, 0, 5, 5, '2025-08-04 12:16:12', '2025-08-04 12:16:12'),
(160, 'IN-000091', '04-08-2025', 'ERANJA', 'LY-2697', NULL, 0, 5, 5, '2025-08-04 12:53:47', '2025-08-04 12:53:47'),
(161, 'IN-000092', '04-08-2025', 'MANJULA', 'LY-5192', NULL, 0, 5, 5, '2025-08-04 16:57:44', '2025-08-04 16:57:44'),
(162, 'IN-000093', '05-08-2025', 'DAMMIKA', 'LY-2699', NULL, 0, 5, 5, '2025-08-05 09:20:20', '2025-08-05 09:20:20'),
(163, 'IN-000094', '06-08-2025', 'SUMEDA', 'LP-0543', NULL, 0, 5, 5, '2025-08-06 12:35:56', '2025-08-06 12:35:56'),
(164, 'IN-000095', '07-08-2025', 'SALIYA', 'LM-3544', NULL, 0, 5, 5, '2025-08-07 14:01:49', '2025-08-07 14:01:49'),
(165, 'IN-000096', '09-08-2025', 'ASELA', 'LY-5194', NULL, 0, 5, 5, '2025-08-09 08:35:33', '2025-08-09 08:35:33'),
(166, 'IN-000097', '11-08-2025', 'CHINTHAKA', 'LY-5193', NULL, 0, 5, 5, '2025-08-11 09:10:07', '2025-08-11 09:10:07'),
(167, 'IN-000098', '14-08-2025', 'SHANAKA', 'LY-2694', NULL, 0, 5, 5, '2025-08-14 10:59:32', '2025-08-14 10:59:32'),
(168, 'IN-000099', '14-08-2025', 'SHANAKA', 'LY-2694', NULL, 0, 5, 5, '2025-08-14 14:49:03', '2025-08-14 14:49:03'),
(169, 'IN-000100', '14-08-2025', 'SURANGA', 'LY-2694', NULL, 0, 5, 5, '2025-08-14 14:55:08', '2025-08-14 14:55:08'),
(170, 'IN-000101', '15-08-2025', 'SALIYA', 'LM-3544', NULL, 0, 5, 5, '2025-08-15 14:58:14', '2025-08-15 14:58:14'),
(171, 'IN-000102', '18-08-2025', 'ASELA', 'LY-5194', NULL, 0, 5, 5, '2025-08-18 11:16:25', '2025-08-18 11:16:25'),
(172, 'IN-000103', '18-08-2025', 'RAVINDRA', 'LM-3545', NULL, 0, 5, 5, '2025-08-18 11:21:06', '2025-08-18 11:21:06'),
(173, 'IN-000104', '18-08-2025', 'RAJAPAKSHA', 'LY-2696', NULL, 0, 5, 5, '2025-08-18 16:32:58', '2025-08-18 16:32:58'),
(174, 'IN-000105', '19-08-2025', 'RAJAGURU', 'LY-2692', NULL, 0, 5, 5, '2025-08-19 13:13:58', '2025-08-19 13:13:58'),
(175, 'IN-000106', '20-08-2025', 'KUMARA', 'LX-4098', NULL, 0, 5, 5, '2025-08-20 08:53:08', '2025-08-20 08:53:08'),
(176, 'IN-000107', '21-08-2025', 'KUMARA', 'LY-5198', NULL, 0, 5, 5, '2025-08-21 09:12:49', '2025-08-21 09:12:49'),
(177, 'IN-000108', '25-08-2025', 'DAMIKA', 'LY-2693', NULL, 0, 5, 5, '2025-08-25 12:14:49', '2025-08-25 12:14:49'),
(178, 'IN-000109', '26-08-2025', 'SURANGA', 'LY-2694', NULL, 0, 5, 5, '2025-08-26 15:56:30', '2025-08-26 15:56:30'),
(179, 'IN-000110', '26-08-2025', 'CHAMINDA', 'LM-3546', NULL, 0, 5, 5, '2025-08-26 15:57:03', '2025-08-26 15:57:03'),
(180, 'IN-000111', '27-08-2025', 'DAMMIKA', 'LY-2693', NULL, 0, 5, 5, '2025-08-27 12:40:52', '2025-08-27 12:40:52'),
(181, 'IN-000112', '25-08-2025', 'LALITH', 'LY-5195', NULL, 0, 5, 5, '2025-08-27 13:57:57', '2025-08-27 13:57:57'),
(182, 'IN-000113', '29-08-2025', 'NIHAL', 'LY-2691', NULL, 0, 5, 5, '2025-08-29 14:21:57', '2025-08-29 14:21:57'),
(183, 'IN-000114', '01-09-2025', 'LALITH', 'LY-52195', NULL, 0, 5, 5, '2025-09-01 15:15:16', '2025-09-01 15:15:16'),
(184, 'IN-000115', '01-09-2025', 'KUMARA', 'LY-5198', NULL, 0, 5, 5, '2025-09-01 15:16:00', '2025-09-01 15:16:00'),
(185, 'IN-000116', '01-09-2025', 'SALIYA', 'LM-3544', NULL, 0, 5, 5, '2025-09-01 15:26:24', '2025-09-01 15:26:24'),
(186, 'IN-000117', '01-09-2025', 'AWISHKA', 'LY-2697', NULL, 0, 5, 5, '2025-09-01 15:39:44', '2025-09-01 15:39:44'),
(187, 'IN-000118', '01-09-2025', 'DAMMIKA', 'LY-2693', NULL, 0, 5, 5, '2025-09-01 15:46:01', '2025-09-01 15:46:01'),
(188, 'IN-000119', '01-09-2025', 'DAMMIKA', 'LY-2693', NULL, 0, 5, 5, '2025-09-01 17:22:20', '2025-09-01 17:22:20'),
(189, 'IN-000120', '02-09-2025', 'MANJULA', 'LY-5192', NULL, 0, 5, 5, '2025-09-02 14:20:18', '2025-09-02 14:20:18'),
(190, 'IN-000121', '03-09-2025', 'DAMMIKA', 'LY-2693', NULL, 0, 5, 5, '2025-09-03 12:09:42', '2025-09-03 12:09:42'),
(191, 'IN-000122', '08-09-2025', 'SAMITHA', 'LY-2698', NULL, 0, 5, 5, '2025-09-08 13:59:53', '2025-09-08 13:59:53'),
(192, 'IN-000123', '08-09-2025', 'RAJAGURU', 'LY-2692', NULL, 0, 5, 5, '2025-09-08 14:33:30', '2025-09-08 14:33:30'),
(193, 'IN-000124', '08-09-2025', 'NIHAL', 'LY-2691', NULL, 0, 5, 5, '2025-09-08 15:53:36', '2025-09-08 15:53:36'),
(194, 'IN-000125', '10-09-2025', 'Mr,Anjana', 'LX-2703', 'REPAIR', 0, 5, 5, '2025-09-10 16:07:28', '2025-09-10 16:07:28'),
(195, 'IN-000126', '11-09-2025', 'Mr,Anjana', 'LX-2709', 'REPAIR', 0, 5, 5, '2025-09-11 12:00:22', '2025-09-11 12:00:22'),
(196, 'IN-000127', '12-09-2025', 'CHINTHAKA', 'LY-5193', NULL, 0, 5, 5, '2025-09-12 09:39:16', '2025-09-12 09:39:16'),
(197, 'IN-000128', '12-09-2025', 'ASELA', 'LY-5194', NULL, 0, 5, 5, '2025-09-12 09:41:02', '2025-09-12 09:41:02'),
(198, 'IN-000129', '12-09-2025', 'UDAYA KUMARA', 'LP-0539', NULL, 0, 5, 5, '2025-09-12 10:16:32', '2025-09-12 10:16:32'),
(199, 'IN-000130', '12-09-2025', 'MADUSHA', 'LM-3543', NULL, 0, 5, 5, '2025-09-12 12:11:59', '2025-09-12 12:11:59'),
(200, 'IN-000131', '12-09-2025', 'SHANUKA', 'DAMAGE', 'DAMAGE', 0, 5, 5, '2025-09-12 12:28:08', '2025-09-12 12:28:08'),
(201, 'IN-000132', '12-09-2025', 'DAMMIKA', 'LY-2693', NULL, 0, 5, 5, '2025-09-12 14:38:46', '2025-09-12 14:38:46'),
(202, 'IN-000133', '15-09-2025', 'CHINTHAKA', 'LY-5193', NULL, 0, 5, 5, '2025-09-15 12:24:10', '2025-09-15 12:24:10'),
(203, 'IN-000134', '15-09-2025', 'ASELA', 'LY-5194', NULL, 0, 5, 5, '2025-09-15 12:24:57', '2025-09-15 12:24:57'),
(204, 'IN-000135', '16-09-2025', 'KUMARA', 'LY-5198', NULL, 0, 5, 5, '2025-09-16 15:24:39', '2025-09-16 15:24:39'),
(205, 'IN-000136', '18-09-2025', 'RAJAPAKSHA', 'LY-2699', 'REPAIR', 0, 5, 5, '2025-09-18 12:08:58', '2025-09-18 12:08:58'),
(206, 'IN-000137', '18-09-2025', 'UDAYA KUMARA', 'LP-0539', 'REPAIR', 0, 5, 5, '2025-09-18 12:10:49', '2025-09-18 12:10:49'),
(207, 'IN-000138', '18-09-2025', 'AWISHKA', 'LY-2697', 'REPAIR', 0, 5, 5, '2025-09-18 16:42:55', '2025-09-18 16:42:55'),
(208, 'IN-000139', '19-09-2025', 'ERANGA', 'LX-4096', NULL, 0, 5, 5, '2025-09-19 09:36:07', '2025-09-19 09:36:07'),
(209, 'IN-000140', '20-09-2025', 'Mr,Anjana', 'LX-2709', NULL, 0, 5, 5, '2025-09-20 10:11:11', '2025-09-20 10:11:11'),
(212, 'IN-000143', '19-09-2025', 'Mr,Anjana', 'MAT-2250/MAT-2259/MAT-2260', NULL, 0, 5, 5, '2025-09-23 14:04:08', '2025-09-23 14:04:08'),
(213, 'IN-000144', '24-09-2025', 'SALIYA', 'LM-3544', NULL, 0, 5, 5, '2025-09-24 12:18:10', '2025-09-24 12:18:10'),
(215, 'IN-000145', '26-09-2025', 'Mr,Anjana', 'MAT-2250/MAT-2259/MAT-2260', NULL, 0, 5, 5, '2025-09-26 15:31:14', '2025-09-26 15:31:14'),
(216, 'IN-000146', '20-09-2025', 'RAJAPAKSHA', 'LY-2699', NULL, 0, 5, 5, '2025-09-26 15:41:03', '2025-09-26 15:41:03'),
(226, 'IN-000147', '11-09-2025', 'PRADEEP', 'LM-3547', NULL, 0, 1, 1, '2025-09-29 16:36:36', '2025-09-29 16:36:36'),
(233, 'IN-000148', '30-09-2025', 'KUMARA', 'LY-5195', '27587.KM', 0, 5, 5, '2025-09-30 15:21:07', '2025-09-30 15:21:07'),
(234, 'IN-000149', '26-09-2025', 'LESLI', 'LY-2715', 'REPAIR', 0, 5, 5, '2025-09-30 15:28:30', '2025-09-30 15:28:30'),
(235, 'IN-000150', '30-09-2025', 'SHANUKA', 'WRONG PRODUCTS', 'WRONG PRODUCTS', 0, 5, 5, '2025-09-30 15:37:54', '2025-09-30 15:37:54'),
(236, 'IN-000151', '29-09-2025', 'UPAMADA', 'LY-2695', NULL, 0, 5, 5, '2025-09-30 17:15:02', '2025-09-30 17:15:02'),
(237, 'IN-000152', '30-09-2025', 'SAMITHA', 'LY-2698', NULL, 0, 5, 5, '2025-09-30 17:23:28', '2025-09-30 17:23:28'),
(238, 'IN-000153', '30-09-2025', 'KUMARA', 'LY-5198', NULL, 0, 5, 5, '2025-09-30 17:24:38', '2025-09-30 17:24:38'),
(239, 'IN-000154', '30-09-2025', 'Mr.ANJANA', 'MAT-2249', NULL, 0, 5, 5, '2025-09-30 17:38:10', '2025-09-30 17:38:10'),
(240, 'IN-000155', '30-09-2025', 'RAVINDRA', 'LM-3545', NULL, 0, 5, 5, '2025-10-01 10:30:22', '2025-10-01 10:30:22'),
(241, 'IN-000156', '26-09-2025', 'Mr.ANJANA', 'MAT-2249', NULL, 0, 5, 5, '2025-10-01 17:29:35', '2025-10-01 17:29:35'),
(242, 'IN-000157', '03-10-2025', 'AWISHKA', 'LY-2697', NULL, 0, 5, 5, '2025-10-03 14:09:51', '2025-10-03 14:09:51'),
(243, 'IN-000158', '04-10-2025', 'AVISHKA', 'LY-2697', NULL, 0, 5, 5, '2025-10-04 12:18:25', '2025-10-04 12:18:25'),
(244, 'IN-000159', '04-10-2025', 'KUMARA', 'LY-5198', NULL, 0, 5, 5, '2025-10-04 12:27:51', '2025-10-04 12:27:51'),
(245, 'IN-000160', '07-10-2025', 'UPAMADA', 'LY-2695', NULL, 0, 5, 5, '2025-10-07 09:10:37', '2025-10-07 09:10:37'),
(246, 'IN-000161', '07-10-2025', 'LALITH', 'LY-5195', NULL, 0, 5, 5, '2025-10-07 11:34:40', '2025-10-07 11:34:40'),
(247, 'IN-000162', '07-10-2025', 'RAJAPAKSHA', 'LY-2699', NULL, 0, 5, 5, '2025-10-07 11:44:01', '2025-10-07 11:44:01'),
(248, 'IN-000163', '07-10-2025', 'SAMITHA', 'LY-2698', NULL, 0, 5, 5, '2025-10-07 16:26:49', '2025-10-07 16:26:49'),
(249, 'IN-000164', '07-10-2025', 'MANJULA', 'LY-5192', NULL, 0, 5, 5, '2025-10-07 16:27:38', '2025-10-07 16:27:38'),
(250, 'IN-000165', '08-10-2025', 'JOSAP', 'LP-0541', NULL, 0, 5, 5, '2025-10-08 09:40:29', '2025-10-08 09:40:29'),
(251, 'IN-000166', '08-10-2025', 'AVISHKA', 'LY-2697', NULL, 0, 5, 5, '2025-10-08 17:07:56', '2025-10-08 17:07:56'),
(252, 'IN-000167', '15-10-2025', 'RAVINDRA', 'LM-3545', NULL, 0, 5, 5, '2025-10-15 08:53:22', '2025-10-15 08:53:22'),
(254, 'IN-000168', '15-10-2025', 'SHANTHA', 'LG-8838', NULL, 0, 5, 5, '2025-10-15 11:19:14', '2025-10-15 11:19:14'),
(255, 'IN-000169', '15-10-2025', 'KUMARA', 'LY-5198', NULL, 0, 5, 5, '2025-10-15 11:21:33', '2025-10-15 11:21:33'),
(256, 'IN-000170', '18-10-2025', 'ASELA', 'LY.5194', NULL, 0, 5, 5, '2025-10-18 10:18:50', '2025-10-18 10:18:50'),
(257, 'IN-000171', '20-10-2025', 'INDIKA', 'LP-0540', NULL, 0, 5, 5, '2025-10-20 16:12:12', '2025-10-20 16:12:12'),
(258, 'IN-000172', '18-10-2025', 'RAJAPAKSHA', 'LY-2699', NULL, 0, 5, 5, '2025-10-20 17:03:21', '2025-10-20 17:03:21'),
(259, 'IN-000173', '18-10-2025', 'AVISHKA', 'LY-2697', NULL, 0, 5, 5, '2025-10-20 17:04:48', '2025-10-20 17:04:48'),
(260, 'IN-000174', '17-10-2025', 'Mr.ANJANA', 'LY-5703', NULL, 0, 5, 5, '2025-10-20 17:24:35', '2025-10-20 17:24:35'),
(261, 'IN-000175', '22-09-2025', 'MADUSHA', 'LM-3543', NULL, 0, 5, 5, '2025-10-23 12:40:57', '2025-10-23 12:40:57'),
(262, 'IN-000176', '23-10-2025', 'DAMMIKA', 'LY-2698', NULL, 0, 5, 5, '2025-10-23 12:43:16', '2025-10-23 12:43:16'),
(263, 'IN-000177', '25-10-2025', 'WIMALASENA', 'LP-0542', NULL, 0, 5, 5, '2025-10-25 09:51:08', '2025-10-25 09:51:08'),
(264, 'IN-000178', '27-10-2025', 'DAMMIKA', 'LX-4094', NULL, 0, 5, 5, '2025-10-27 17:05:44', '2025-10-27 17:05:44'),
(265, 'IN-000179', '28-10-2025', 'Mr.ANJANA', 'LY-2696', NULL, 0, 5, 5, '2025-10-28 14:16:52', '2025-10-28 14:16:52'),
(266, 'IN-000180', '28-10-2025', 'Mr,Anjana', 'LX-2709', NULL, 0, 5, 5, '2025-10-28 15:32:18', '2025-10-28 15:32:18'),
(267, 'IN-000181', '28-10-2025', 'LESLI', 'LY-2715', NULL, 0, 5, 5, '2025-10-28 17:15:50', '2025-10-28 17:15:50'),
(268, 'IN-000182', '29-10-2025', 'RAVINDRA', 'LM-3545', NULL, 0, 5, 5, '2025-10-29 15:00:42', '2025-10-29 15:00:42'),
(269, 'IN-000183', '31-10-2025', 'K P A J SILVA', 'LP-0545', NULL, 0, 1, 1, '2025-10-31 12:44:22', '2025-10-31 12:44:22'),
(270, 'IN-000184', '03-11-2025', 'LP PERERA', 'LG-8838', NULL, 0, 1, 1, '2025-11-03 10:53:01', '2025-11-03 10:53:01'),
(271, 'IN-000185', '03-11-2025', 'RDPP RAJAPAKSHE', 'LY-2699', NULL, 0, 1, 1, '2025-11-03 10:53:44', '2025-11-03 10:53:44'),
(272, 'IN-000186', '03-11-2025', 'ATHULA', 'LP-0547', NULL, 0, 1, 1, '2025-11-03 11:08:35', '2025-11-03 11:08:35'),
(273, 'IN-000187', '03-11-2025', 'RAJAGURU', 'LY-2692', NULL, 0, 1, 1, '2025-11-03 11:28:30', '2025-11-03 11:28:30'),
(274, 'IN-000188', '03-11-2025', 'M.N.N.KUMARA', 'LY-5198', NULL, 0, 1, 1, '2025-11-03 13:05:28', '2025-11-03 13:05:28'),
(275, 'IN-000189', '06-11-2025', 'SAMITHA', 'LY-2698', NULL, 0, 5, 5, '2025-11-10 15:48:23', '2025-11-10 15:48:23'),
(276, 'IN-000190', '06-11-2025', 'DAMMIKA', 'LY-5655', NULL, 0, 5, 5, '2025-11-10 16:02:11', '2025-11-10 16:02:11'),
(277, 'IN-000191', '06-11-2025', 'ERANGA', 'LY-5660', NULL, 0, 5, 5, '2025-11-10 16:03:45', '2025-11-10 16:03:45'),
(278, 'IN-000192', '04-11-2025', 'PRADEEP', 'LM-3547', NULL, 0, 5, 5, '2025-11-10 16:05:44', '2025-11-10 16:05:44'),
(279, 'IN-000193', '04-11-2025', 'SALIYA', 'LM-3544', NULL, 0, 5, 5, '2025-11-10 16:06:40', '2025-11-10 16:06:40'),
(280, 'IN-000194', '04-11-2025', 'RAJAGURU', 'LY-2692', NULL, 0, 5, 5, '2025-11-10 16:07:49', '2025-11-10 16:07:49'),
(281, 'IN-000195', '04-11-2025', 'AVISHKA', 'LY-2697', NULL, 0, 5, 5, '2025-11-10 16:11:52', '2025-11-10 16:11:52'),
(282, 'IN-000196', '10-11-2025', 'SAMITHA', 'LY-5661', NULL, 0, 5, 5, '2025-11-10 16:13:45', '2025-11-10 16:13:45'),
(283, 'IN-000197', '10-11-2025', 'Mr,Anjana', 'LY-5703', NULL, 0, 5, 5, '2025-11-10 16:31:59', '2025-11-10 16:31:59'),
(284, 'IN-000198', '10-11-2025', 'LALITH', 'LY-5195', NULL, 0, 5, 5, '2025-11-11 09:56:23', '2025-11-11 09:56:23'),
(285, 'IN-000199', '11-11-2025', 'UPAMADA', 'LY-5709', NULL, 0, 5, 5, '2025-11-11 10:02:46', '2025-11-11 10:02:46'),
(286, 'IN-000200', '11-11-2025', 'Mr,Anjana', 'LY-5703', NULL, 0, 5, 5, '2025-11-11 11:06:44', '2025-11-11 11:06:44'),
(287, 'IN-000201', '15-10-2025', 'SUMEDA', 'LY-2693', NULL, 0, 5, 5, '2025-11-11 13:00:16', '2025-11-11 13:00:16'),
(288, 'IN-000202', '11-11-2025', 'CHAMINDA', 'LM-3546', NULL, 0, 5, 5, '2025-11-11 15:09:49', '2025-11-11 15:09:49'),
(289, 'IN-000203', '11-11-2025', 'MADUSHA', 'LM-3543', NULL, 0, 5, 5, '2025-11-11 15:50:32', '2025-11-11 15:50:32'),
(290, 'IN-000204', '11-11-2025', 'NIHAL', 'LY-2691', NULL, 0, 5, 5, '2025-11-11 16:01:50', '2025-11-11 16:01:50'),
(291, 'IN-000205', '12-11-2025', 'SURANGA NAMAL', 'LY-5703', NULL, 0, 5, 5, '2025-11-12 16:43:31', '2025-11-12 16:43:31'),
(292, 'IN-000206', '13-11-2025', 'SUMEDA NAMAL', 'LY-2693', NULL, 0, 5, 5, '2025-11-13 12:31:33', '2025-11-13 12:31:33'),
(293, 'IN-000207', '13-11-2025', 'AVISHKA', 'LY-2697', NULL, 0, 5, 5, '2025-11-13 12:45:05', '2025-11-13 12:45:05'),
(294, 'IN-000208', '14-11-2025', 'SUMEDA NAMAL', 'LY-2693', NULL, 0, 5, 5, '2025-11-14 15:37:57', '2025-11-14 15:37:57'),
(295, 'IN-000209', '17-11-2025', 'ASELA', 'LY-5194', NULL, 0, 5, 5, '2025-11-17 15:26:37', '2025-11-17 15:26:37'),
(296, 'IN-000210', '17-11-2025', 'CHINTHAKA', 'LY-5193', NULL, 0, 5, 5, '2025-11-17 15:28:05', '2025-11-17 15:28:05'),
(297, 'IN-000211', '17-11-2025', 'SALIYA', 'LM-3544', NULL, 0, 5, 5, '2025-11-18 13:53:06', '2025-11-18 13:53:06'),
(298, 'IN-000212', '19-11-2025', 'JOSAP', 'LP-0541', NULL, 0, 5, 5, '2025-11-19 17:17:07', '2025-11-19 17:17:07'),
(299, 'IN-000213', '21-11-2025', 'THENNAKON', 'LP-0539', NULL, 0, 5, 5, '2025-11-21 10:07:23', '2025-11-21 10:07:23'),
(300, 'IN-000214', '20-11-2025', 'THENNAKON', 'LP-0539', NULL, 0, 5, 5, '2025-11-21 10:20:07', '2025-11-21 10:20:07'),
(301, 'IN-000215', '21-11-2025', 'JOSAP', 'LP-0541', NULL, 0, 5, 5, '2025-11-21 10:25:16', '2025-11-21 10:25:16'),
(302, 'IN-000216', '21-11-2025', 'KUMARA', 'LX-4098', NULL, 0, 5, 5, '2025-11-21 14:38:40', '2025-11-21 14:38:40'),
(303, 'IN-000217', '22-11-2025', 'RAVINDRA', 'LY-2698', NULL, 0, 5, 5, '2025-11-22 10:09:45', '2025-11-22 10:09:45'),
(304, 'IN-000218', '22-11-2025', 'RAVINDRA', 'ly-2698', NULL, 0, 5, 5, '2025-11-22 12:55:09', '2025-11-22 12:55:09'),
(305, 'IN-000219', '24-11-2025', 'NIHAL', 'LY-2691', NULL, 0, 5, 5, '2025-11-24 14:17:15', '2025-11-24 14:17:15'),
(306, 'IN-000220', '24-11-2025', 'ATHULA', 'LX-2708', NULL, 0, 5, 5, '2025-11-24 16:06:31', '2025-11-24 16:06:31'),
(307, 'IN-000221', '25-11-2025', 'SALIYA', 'LM-3544', NULL, 0, 5, 5, '2025-11-25 10:50:07', '2025-11-25 10:50:07'),
(308, 'IN-000222', '25-11-2025', 'CHAMINDA', 'LM-3546', NULL, 0, 5, 5, '2025-11-25 14:33:52', '2025-11-25 14:33:52'),
(309, 'IN-000223', '26-11-2025', 'PRADEEP', 'LM-3547', NULL, 0, 5, 5, '2025-11-26 10:31:54', '2025-11-26 10:31:54'),
(310, 'IN-000224', '26-11-2025', 'CHAMINDA', 'LM-3546', NULL, 0, 5, 5, '2025-11-26 15:20:24', '2025-11-26 15:20:24'),
(311, 'IN-000225', '01-12-2025', 'UDAYA KUMARA', 'LM-3545', NULL, 0, 5, 5, '2025-12-01 09:10:16', '2025-12-01 09:10:16'),
(312, 'IN-000226', '02-12-2025', 'SHANTHA', 'LG-8838', NULL, 0, 5, 5, '2025-12-02 14:41:53', '2025-12-02 14:41:53'),
(313, 'IN-000227', '05-12-2025', 'AVISHKA', 'LY-2697', NULL, 0, 5, 5, '2025-12-05 09:29:02', '2025-12-05 09:29:02'),
(314, 'IN-000228', '05-12-2025', 'AVISHKA', 'LY-2697', NULL, 0, 5, 5, '2025-12-05 12:27:33', '2025-12-05 12:27:33'),
(315, 'IN-000229', '05-12-2025', 'AVISHKA', 'LY-2697', NULL, 0, 5, 5, '2025-12-05 17:01:59', '2025-12-05 17:01:59'),
(316, 'IN-000230', '08-12-2025', 'ATHULA', 'LX-2708', NULL, 0, 5, 5, '2025-12-08 14:14:47', '2025-12-08 14:14:47'),
(317, 'IN-000231', '08-12-2025', 'THENNAKON', 'LP-0539', NULL, 0, 5, 5, '2025-12-08 17:15:08', '2025-12-08 17:15:08'),
(318, 'IN-000232', '09-12-2025', 'Mr,Anjana', 'LX-2884', NULL, 0, 5, 5, '2025-12-09 14:05:06', '2025-12-09 14:05:06'),
(319, 'IN-000233', '09-12-2025', 'Mr,Anjana', 'LX-4099', NULL, 0, 5, 5, '2025-12-09 14:05:42', '2025-12-09 14:05:42'),
(320, 'IN-000234', '10-12-2025', 'JOSAP', 'LP-0539', NULL, 0, 5, 5, '2025-12-10 12:39:09', '2025-12-10 12:39:09'),
(321, 'IN-000235', '10-12-2025', 'Mr,Anjana', 'LX-4779', NULL, 0, 5, 5, '2025-12-10 12:46:09', '2025-12-10 12:46:09'),
(322, 'IN-000236', '15-12-2025', 'SUMEDA', 'LY-2693', NULL, 0, 5, 5, '2025-12-15 12:26:56', '2025-12-15 12:26:56'),
(326, 'IN-000237', '08-12-2025', 'KUMARA', 'LY-5198', NULL, 0, 5, 5, '2025-12-17 11:31:08', '2025-12-17 11:31:08'),
(327, 'IN-000238', '15-12-2025', 'ERANGA', 'LY-5660', NULL, 0, 5, 5, '2025-12-17 11:32:25', '2025-12-17 11:32:25'),
(328, 'IN-000239', '15-12-2025', 'ASELA', 'LY-5194', NULL, 0, 5, 5, '2025-12-17 11:35:37', '2025-12-17 11:35:37'),
(329, 'IN-000240', '17-12-2025', 'AKALANKA', 'LY-2691', NULL, 0, 5, 5, '2025-12-17 11:42:36', '2025-12-17 11:42:36'),
(330, 'IN-000241', '17-12-2025', 'SALIYA', 'LM-3544', NULL, 0, 5, 5, '2025-12-17 11:43:53', '2025-12-17 11:43:53'),
(331, 'IN-000242', '17-12-2025', 'THENNAKON', 'LP-0539', NULL, 0, 5, 5, '2025-12-17 11:45:01', '2025-12-17 11:45:01'),
(332, 'IN-000243', '17-12-2025', 'SUMEDA', 'LX-2780', NULL, 0, 5, 5, '2025-12-17 13:55:15', '2025-12-17 13:55:15'),
(333, 'IN-000244', '16-12-2025', 'ATHULA', 'LX-2708', NULL, 0, 5, 5, '2025-12-17 13:56:30', '2025-12-17 13:56:30'),
(334, 'IN-000245', '17-12-2025', 'SURANGA NAMAL', 'LX-2883', NULL, 0, 5, 5, '2025-12-17 14:52:53', '2025-12-17 14:52:53'),
(335, 'IN-000246', '17-12-2025', 'LESLI', 'LY-2715', NULL, 0, 5, 5, '2025-12-17 15:58:55', '2025-12-17 15:58:55'),
(336, 'IN-000247', '18-12-2025', 'RAJAPAKSHA', 'LY-2699', NULL, 0, 5, 5, '2025-12-18 13:33:36', '2025-12-18 13:33:36'),
(337, 'IN-000248', '17-12-2025', 'AVISHKA', 'LY-2697', NULL, 0, 5, 5, '2025-12-18 14:37:30', '2025-12-18 14:37:30'),
(338, 'IN-000249', '19-12-2025', 'THENNAKON', 'LP-0539', NULL, 0, 5, 5, '2025-12-19 09:39:42', '2025-12-19 09:39:42'),
(339, 'IN-000250', '19-12-2025', 'LALITH', 'LY-5195', NULL, 0, 5, 5, '2025-12-19 10:25:33', '2025-12-19 10:25:33'),
(340, 'IN-000251', '22-12-2025', 'ATHULA', 'LY-2695', NULL, 0, 5, 5, '2025-12-22 11:46:10', '2025-12-22 11:46:10'),
(341, 'IN-000252', '22-12-2025', 'SUMEDA', 'LY-2693', NULL, 0, 5, 5, '2025-12-22 14:11:36', '2025-12-22 14:11:36'),
(342, 'IN-000253', '22-12-2025', 'ERANGA', 'LY-5660', NULL, 0, 5, 5, '2025-12-22 14:14:11', '2025-12-22 14:14:11'),
(343, 'IN-000254', '22-12-2025', 'SAMITHA', 'LX-4097', NULL, 0, 5, 5, '2025-12-22 15:03:17', '2025-12-22 15:03:17'),
(344, 'IN-000255', '22-12-2025', 'RAJAGURU', 'LY-2692', NULL, 0, 5, 5, '2025-12-22 15:04:26', '2025-12-22 15:04:26'),
(345, 'IN-000256', '22-12-2025', 'LALITH', 'LY-5195', NULL, 0, 5, 5, '2025-12-22 15:05:19', '2025-12-22 15:05:19'),
(346, 'IN-000257', '22-12-2025', 'SAMITHA', 'LY-5661', NULL, 0, 5, 5, '2025-12-22 15:06:12', '2025-12-22 15:06:12'),
(347, 'IN-000258', '23-12-2025', 'CHINTHAKA', 'LY-5193', NULL, 0, 5, 5, '2025-12-23 15:30:45', '2025-12-23 15:30:45'),
(348, 'IN-000259', '23-12-2025', 'UDAYA KUMARA', 'LM-3545', NULL, 0, 5, 5, '2025-12-24 09:27:20', '2025-12-24 09:27:20'),
(349, 'IN-000260', '27-12-2025', 'MANJULA', 'LY-5192', NULL, 0, 5, 5, '2025-12-27 09:59:06', '2025-12-27 09:59:06'),
(350, 'IN-000261', '29-12-2025', 'LESLI', 'LY-2715', NULL, 0, 5, 5, '2025-12-29 12:55:38', '2025-12-29 12:55:38'),
(351, 'IN-000262', '29-12-2025', 'LESLI', 'LY-2715', NULL, 0, 5, 5, '2025-12-29 12:58:56', '2025-12-29 12:58:56'),
(352, 'IN-000263', '29-12-2025', 'Mr,Anjana', 'LX-4780', NULL, 0, 5, 5, '2025-12-29 14:32:17', '2025-12-29 14:32:17'),
(353, 'IN-000264', '29-12-2025', 'Mr,Anjana', 'LX-2708', NULL, 0, 5, 5, '2025-12-29 14:33:15', '2025-12-29 14:33:15'),
(354, 'IN-000265', '29-12-2025', 'Mr,Anjana', 'LX-4777', NULL, 0, 5, 5, '2025-12-29 16:53:33', '2025-12-29 16:53:33'),
(355, 'IN-000266', '29-12-2025', 'Rajaguru', 'LY-2692', NULL, 0, 5, 5, '2025-12-29 17:01:20', '2025-12-29 17:01:20'),
(356, 'IN-000267', '29-12-2025', 'Avishka', 'LX-2697', NULL, 0, 5, 5, '2025-12-29 17:22:34', '2025-12-29 17:22:34'),
(357, 'IN-000268', '30-12-2025', 'Athula', 'LY-2695', NULL, 0, 5, 5, '2025-12-30 10:41:53', '2025-12-30 10:41:53'),
(358, 'IN-000269', '01-01-2026', 'Dammika', 'LY-5655', NULL, 0, 5, 5, '2026-01-01 14:57:13', '2026-01-01 14:57:13'),
(359, 'IN-000270', '01-01-2026', 'Chinthaka', 'LY-5193', NULL, 0, 5, 5, '2026-01-01 14:58:34', '2026-01-01 14:58:34'),
(360, 'IN-000271', '02-01-2026', 'Sarath', 'LP-0546', NULL, 0, 5, 5, '2026-01-02 09:45:22', '2026-01-02 09:45:22'),
(361, 'IN-000272', '05-01-2026', 'Saliya', 'LM-3444', NULL, 0, 5, 5, '2026-01-05 14:31:30', '2026-01-05 14:31:30'),
(362, 'IN-000273', '06-01-2026', 'Upamada', 'LY-5709', NULL, 0, 5, 5, '2026-01-06 09:36:46', '2026-01-06 09:36:46'),
(363, 'IN-000274', '06-01-2026', 'Madusha', 'LM-3543', NULL, 0, 5, 5, '2026-01-06 12:05:45', '2026-01-06 12:05:45'),
(364, 'IN-000275', '06-01-2026', 'Udaya kumara', 'LM-3545', NULL, 0, 5, 5, '2026-01-06 12:14:18', '2026-01-06 12:14:18'),
(366, 'IN-000276', '06-01-2026', 'Madusha', 'LM-3543', NULL, 0, 5, 5, '2026-01-08 09:56:31', '2026-01-08 09:56:31'),
(367, 'IN-000277', '07-01-2026', 'Kasun', 'LP-0543', NULL, 0, 5, 5, '2026-01-08 09:57:44', '2026-01-08 09:57:44'),
(368, 'IN-000278', '08-01-2026', 'Pradeep', 'LM-3547', NULL, 0, 5, 5, '2026-01-08 10:17:06', '2026-01-08 10:17:06'),
(369, 'IN-000279', '08-01-2026', 'Saliya', 'LM-3544', NULL, 0, 5, 5, '2026-01-08 16:54:55', '2026-01-08 16:54:55'),
(370, 'IN-000280', '09-01-2026', 'Udaya kumara', 'LM-3545', NULL, 0, 5, 5, '2026-01-14 13:06:33', '2026-01-14 13:06:33'),
(371, 'IN-000281', '12-01-2026', 'Akalanka', 'LY-2691', NULL, 0, 5, 5, '2026-01-14 13:10:34', '2026-01-14 13:10:34'),
(372, 'IN-000282', '12-01-2026', 'Rajaguru', 'LY-2692', NULL, 0, 5, 5, '2026-01-14 13:16:22', '2026-01-14 13:16:22'),
(373, 'IN-000283', '13-01-2026', 'Athula', 'LY-2695', NULL, 0, 5, 5, '2026-01-14 13:20:28', '2026-01-14 13:20:28'),
(374, 'IN-000284', '13-01-2026', 'Rajaguru', 'LY-2692', NULL, 0, 5, 5, '2026-01-14 13:23:12', '2026-01-14 13:23:12'),
(375, 'IN-000285', '12-01-2026', 'Lalith', 'LY-5195', NULL, 0, 5, 5, '2026-01-14 13:43:21', '2026-01-14 13:43:21'),
(376, 'IN-000286', '12-01-2026', 'Asela', 'LY-5194', NULL, 0, 5, 5, '2026-01-14 13:44:57', '2026-01-14 13:44:57'),
(377, 'IN-000287', '12-01-2026', 'Manjula', 'LY-5192', NULL, 0, 5, 5, '2026-01-14 13:46:07', '2026-01-14 13:46:07'),
(378, 'IN-000288', '06-01-2026', 'Suranga namal', 'LY-5703', NULL, 0, 5, 5, '2026-01-16 10:50:51', '2026-01-16 10:50:51'),
(379, 'IN-000289', '16-01-2026', 'Kumara', 'LY-5198', NULL, 0, 5, 5, '2026-01-16 10:51:43', '2026-01-16 10:51:43'),
(380, 'IN-000290', '16-01-2026', 'Asela', 'LY-2694', NULL, 0, 5, 5, '2026-01-17 09:07:25', '2026-01-17 09:07:25'),
(381, 'IN-000291', '19-01-2026', 'Madusha', 'LM-3543', NULL, 0, 5, 5, '2026-01-22 13:00:56', '2026-01-22 13:00:56'),
(382, 'IN-000292', '26-01-2026', 'Eranga', 'LY-5660', NULL, 0, 5, 5, '2026-01-26 11:21:59', '2026-01-26 11:21:59'),
(383, 'IN-000293', '26-01-2026', 'Manjula', 'LY-2696', NULL, 0, 5, 5, '2026-01-26 14:47:19', '2026-01-26 14:47:19'),
(384, 'IN-000294', '26-01-2026', 'Samitha', 'LY-5661', NULL, 0, 5, 5, '2026-01-26 14:48:21', '2026-01-26 14:48:21'),
(385, 'IN-000295', '27-01-2026', 'Asela', 'LY-5194', NULL, 0, 5, 5, '2026-01-27 13:39:31', '2026-01-27 13:39:31'),
(386, 'IN-000296', '27-01-2026', 'Avishka', 'LY-2697', NULL, 0, 5, 5, '2026-01-28 13:53:03', '2026-01-28 13:53:03'),
(388, 'IN-000297', '27-01-2026', 'Chaminda', 'LM-3546', NULL, 0, 5, 5, '2026-01-28 13:56:55', '2026-01-28 13:56:55'),
(389, 'IN-000298', '28-01-2026', 'Jeewan', 'LY-2694', NULL, 0, 5, 5, '2026-01-28 14:17:05', '2026-01-28 14:17:05'),
(390, 'IN-000299', '28-01-2026', 'Jeewan', 'LY-2694', NULL, 0, 5, 5, '2026-01-28 14:45:16', '2026-01-28 14:45:16'),
(391, 'IN-000300', '29-01-2026', 'Avishka', 'LY-2697', NULL, 0, 5, 5, '2026-01-29 15:40:41', '2026-01-29 15:40:41'),
(392, 'IN-000301', '30-01-2026', 'Mr.Anjana', 'Fleet', NULL, 0, 5, 5, '2026-01-30 17:04:50', '2026-01-30 17:04:50'),
(393, 'IN-000302', '02-02-2026', 'Jeewan', 'LX-2707', NULL, 0, 5, 5, '2026-02-02 14:39:17', '2026-02-02 14:39:17'),
(394, 'IN-000303', '02-02-2026', 'Rajapaksha', 'LY-2696', NULL, 0, 5, 5, '2026-02-02 14:53:16', '2026-02-02 14:53:16'),
(395, 'IN-000304', '02-02-2026', 'Jeewan', 'LY-2694', NULL, 0, 5, 5, '2026-02-02 14:55:07', '2026-02-02 14:55:07'),
(396, 'IN-000305', '02-02-2026', 'Sumeda', 'LY-2693', NULL, 0, 5, 5, '2026-02-02 14:57:22', '2026-02-02 14:57:22'),
(397, 'IN-000306', '02-02-2026', 'Suranga namal', 'LY-5703', NULL, 0, 5, 5, '2026-02-02 15:00:27', '2026-02-02 15:00:27'),
(398, 'IN-000307', '02-02-2026', 'Lalith', 'LY-5195', NULL, 0, 5, 5, '2026-02-02 15:08:38', '2026-02-02 15:08:38'),
(399, 'IN-000308', '02-02-2026', 'Upamada', 'LY-5709', NULL, 0, 5, 5, '2026-02-02 15:09:22', '2026-02-02 15:09:22'),
(400, 'IN-000309', '03-02-2026', 'Kumara', 'LY-5198', NULL, 0, 5, 5, '2026-02-03 09:30:57', '2026-02-03 09:30:57'),
(401, 'IN-000310', '03-02-2026', 'Kumara', 'LY-5198', NULL, 0, 5, 5, '2026-02-03 10:09:22', '2026-02-03 10:09:22'),
(402, 'IN-000311', '10-02-2026', 'Mr.Anjana', 'LX-4095', NULL, 0, 5, 5, '2026-02-11 12:17:49', '2026-02-11 12:17:49'),
(403, 'IN-000312', '10-02-2026', 'Mr.Anjana', 'LX-4095', NULL, 0, 5, 5, '2026-02-11 12:26:30', '2026-02-11 12:26:30'),
(405, 'IN-000313', '10-02-2026', 'Mr,Anjana', 'LX-4093', NULL, 0, 5, 5, '2026-02-11 12:33:47', '2026-02-11 12:33:47'),
(406, 'IN-000314', '10-02-2026', 'Mr,Anjana', 'LX-2696', NULL, 0, 5, 5, '2026-02-11 12:34:39', '2026-02-11 12:34:39'),
(407, 'IN-000315', '11-02-2026', 'Pradeep', 'LM-3547', NULL, 0, 5, 5, '2026-02-11 17:26:10', '2026-02-11 17:26:10'),
(408, 'IN-000316', '14-02-2026', 'Manjula', 'LY-5192', NULL, 0, 5, 5, '2026-02-16 08:48:25', '2026-02-16 08:48:25'),
(409, 'IN-000317', '16-02-2026', 'Avishka', 'LY-2697', NULL, 0, 5, 5, '2026-02-16 10:28:34', '2026-02-16 10:28:34'),
(410, 'IN-000318', '16-02-2026', 'RAVINDRA', 'LY-2696', NULL, 0, 5, 5, '2026-02-16 13:27:48', '2026-02-16 13:27:48'),
(411, 'IN-000319', '17-02-2026', 'Udayanga', 'LP-0547', NULL, 0, 5, 5, '2026-02-17 09:12:35', '2026-02-17 09:12:35'),
(412, 'IN-000320', '17-02-2026', 'Athula', 'LX-4780', NULL, 0, 5, 5, '2026-02-17 12:28:03', '2026-02-17 12:28:03'),
(413, 'IN-000321', '17-02-2026', 'Eranga', 'LY-5660', NULL, 0, 5, 5, '2026-02-17 17:23:14', '2026-02-17 17:23:14'),
(414, 'IN-000322', '18-02-2026', 'Wimalasena', 'LP-0542', NULL, 0, 5, 5, '2026-02-18 10:03:33', '2026-02-18 10:03:33'),
(415, 'IN-000323', '18-02-2026', 'Rajapaksha', 'LY-2699', NULL, 0, 5, 5, '2026-02-18 10:04:27', '2026-02-18 10:04:27'),
(416, 'IN-000324', '18-02-2026', 'B.V.V.I.HEMASIRI', 'LY-2691', NULL, 0, 5, 5, '2026-02-18 14:45:05', '2026-02-18 14:45:05'),
(417, 'IN-000325', '24-02-2026', 'Asela', 'LY-5194', NULL, 0, 5, 5, '2026-02-24 17:16:21', '2026-02-24 17:16:21'),
(418, 'IN-000326', '24-02-2026', 'Chinthaka', 'LY-5193', NULL, 0, 5, 5, '2026-02-24 17:17:24', '2026-02-24 17:17:24'),
(419, 'IN-000327', '24-02-2026', 'Kumara', 'LY-5198', NULL, 0, 5, 5, '2026-02-24 17:20:20', '2026-02-24 17:20:20'),
(420, 'IN-000328', '24-02-2026', 'Kumara', 'LY-5198', NULL, 0, 5, 5, '2026-02-24 17:21:57', '2026-02-24 17:21:57'),
(421, 'IN-000329', '24-02-2026', 'Dammika', 'LY-5655', NULL, 0, 5, 5, '2026-02-24 17:23:15', '2026-02-24 17:23:15'),
(422, 'IN-000330', '25-02-2026', 'Avishka', 'LY-2697', NULL, 0, 5, 5, '2026-02-26 13:46:23', '2026-02-26 13:46:23'),
(424, 'IN-000331', '26-02-2026', 'Suranga namal', 'LX-2883', NULL, 0, 5, 5, '2026-02-26 15:30:44', '2026-02-26 15:30:44'),
(425, 'IN-000332', '26-02-2026', 'Rajapaksha', 'LX-2699', NULL, 0, 5, 5, '2026-02-26 16:06:08', '2026-02-26 16:06:08'),
(426, 'IN-000333', '26-02-2026', 'Rajapaksha', 'LX-2699', NULL, 0, 5, 5, '2026-02-26 16:17:49', '2026-02-26 16:17:49'),
(427, 'IN-000334', '20-10-2025', 'Chaminda', 'LM-3546', NULL, 0, 5, 5, '2026-03-04 11:40:47', '2026-03-04 11:40:47'),
(428, 'IN-000335', '07-03-2026', 'Samitha', 'LY-5661', NULL, 0, 5, 5, '2026-03-07 10:45:15', '2026-03-07 10:45:15'),
(429, 'IN-000336', '07-03-2026', 'Dammika', 'LY-5655', NULL, 0, 5, 5, '2026-03-07 10:47:45', '2026-03-07 10:47:45'),
(430, 'IN-000337', '09-03-2026', 'Lalith', 'LY-5195', NULL, 0, 5, 5, '2026-03-09 16:47:31', '2026-03-09 16:47:31'),
(431, 'IN-000338', '17-03-2026', 'Renuka', 'LY-2694', NULL, 0, 5, 5, '2026-03-17 10:52:56', '2026-03-17 10:52:56'),
(432, 'IN-000339', '26-03-2026', 'Upamada', 'LY-5709', NULL, 0, 5, 5, '2026-03-26 12:48:23', '2026-03-26 12:48:23'),
(433, 'IN-000340', '27-03-2026', 'Chinthaka', 'LY-5193', NULL, 0, 5, 5, '2026-03-27 10:04:37', '2026-03-27 10:04:37'),
(434, 'IN-000341', '27-03-2026', 'Asela', 'LY-5194', NULL, 0, 5, 5, '2026-03-27 10:09:39', '2026-03-27 10:09:39'),
(435, 'IN-000342', '30-03-2026', 'Thennakoon', 'LY-2691', NULL, 0, 5, 5, '2026-03-30 09:51:13', '2026-03-30 09:51:13'),
(436, 'IN-000343', '30-03-2026', 'Upamada', 'LX-4099', NULL, 0, 5, 5, '2026-03-30 10:29:35', '2026-03-30 10:29:35'),
(437, 'IN-000344', '30-03-2026', 'Mr.Anjana', 'LX-4778', NULL, 0, 5, 5, '2026-03-30 12:37:47', '2026-03-30 12:37:47'),
(438, 'IN-000345', '30-03-2026', 'Mr,Anjana', 'LY-4778', NULL, 0, 5, 5, '2026-03-30 16:29:30', '2026-03-30 16:29:30'),
(439, 'IN-000346', '30-03-2026', 'Pradeep', 'LM-3547', NULL, 0, 5, 5, '2026-03-30 16:31:50', '2026-03-30 16:31:50'),
(440, 'IN-000347', '30-03-2026', 'Mr,Anjana', 'Mr.Anjana', NULL, 0, 5, 5, '2026-03-30 16:45:14', '2026-03-30 16:45:14'),
(441, 'IN-000348', '30-03-2026', 'Mr,Anjana', 'LX-4780', NULL, 0, 5, 5, '2026-03-30 16:51:06', '2026-03-30 16:51:06'),
(442, 'IN-000349', '30-03-2026', 'Mr,Anjana', 'LX-4780', NULL, 0, 5, 5, '2026-03-30 17:15:07', '2026-03-30 17:15:07'),
(443, 'IN-000350', '03-04-2026', 'Madusha', 'LM-3543', NULL, 0, 5, 5, '2026-04-03 15:27:57', '2026-04-03 15:27:57'),
(444, 'IN-000351', '06-04-2026', 'Manjula', 'LY-5192', NULL, 0, 5, 5, '2026-04-06 09:20:43', '2026-04-06 09:20:43'),
(445, 'IN-000352', '06-04-2026', 'Kumara', 'LY-5198', NULL, 0, 5, 5, '2026-04-06 09:34:48', '2026-04-06 09:34:48'),
(446, 'IN-000353', '06-04-2026', 'Athula', 'LY-5703', NULL, 0, 5, 5, '2026-04-06 10:26:11', '2026-04-06 10:26:11'),
(447, 'IN-000354', '06-04-2026', 'Mr,Anjana', 'LX-4098', NULL, 0, 5, 5, '2026-04-06 13:16:12', '2026-04-06 13:16:12'),
(448, 'IN-000355', '06-04-2026', 'Mr,Anjana', 'LX-2707', NULL, 0, 5, 5, '2026-04-06 13:16:56', '2026-04-06 13:16:56'),
(449, 'IN-000356', '20-04-2026', 'Chaminda', 'LM-3546', NULL, 0, 5, 5, '2026-04-20 10:43:09', '2026-04-20 10:43:09'),
(450, 'IN-000357', '21-04-2026', 'Eranga', 'LX-2701', NULL, 0, 5, 5, '2026-04-21 08:35:51', '2026-04-21 08:35:51'),
(451, 'IN-000358', '21-04-2026', 'Ranthilaka', 'LX-4093', NULL, 0, 5, 5, '2026-04-21 15:40:28', '2026-04-21 15:40:28'),
(452, 'IN-000359', '21-04-2026', 'Ranthilaka', 'LY-2692', NULL, 0, 5, 5, '2026-04-22 16:10:38', '2026-04-22 16:10:38'),
(453, 'IN-000360', '22-04-2026', 'Asela', 'LP-0543', NULL, 0, 5, 5, '2026-04-22 16:28:14', '2026-04-22 16:28:14'),
(454, 'IN-000361', '22-04-2026', 'Asela', 'LP-0543', NULL, 0, 5, 5, '2026-04-22 16:58:23', '2026-04-22 16:58:23'),
(455, 'IN-000362', '23-04-2026', 'Chamminda', 'LM-3546', NULL, 0, 5, 5, '2026-04-23 11:58:36', '2026-04-23 11:58:36'),
(456, 'IN-000363', '27-04-2026', 'Mr,Anjana', 'LX-4778', NULL, 0, 5, 5, '2026-04-28 17:15:10', '2026-04-28 17:15:10'),
(457, 'IN-000364', '27-04-2026', 'Manjula', 'LY-5192', NULL, 0, 5, 5, '2026-04-28 17:16:51', '2026-04-28 17:16:51'),
(458, 'IN-000365', '22-04-2026', 'Eranga', 'LY-5660', NULL, 0, 5, 5, '2026-04-28 17:18:35', '2026-04-28 17:18:35'),
(459, 'IN-000366', '28-04-2026', 'Kumara', 'LY-5193', NULL, 0, 5, 5, '2026-04-28 17:19:10', '2026-04-28 17:19:10'),
(460, 'IN-000367', '29-04-2026', 'Dammika', 'LY-5655', NULL, 0, 5, 5, '2026-05-04 12:16:03', '2026-05-04 12:16:03'),
(461, 'IN-000368', '04-05-2026', 'Lalith', 'LY-5195', NULL, 0, 5, 5, '2026-05-04 12:21:45', '2026-05-04 12:21:45'),
(462, 'IN-000369', '04-05-2026', 'Asela', 'LY-5194', NULL, 0, 5, 5, '2026-05-04 12:26:35', '2026-05-04 12:26:35'),
(463, 'IN-000370', '28-04-2026', 'Mr,Anjana', 'LX-4094', NULL, 0, 5, 5, '2026-05-04 15:24:58', '2026-05-04 15:24:58'),
(465, 'IN-000371', '05-05-2026', 'Eranga', 'LX-2698', NULL, 0, 5, 5, '2026-05-05 12:02:46', '2026-05-05 12:02:46'),
(466, 'IN-000372', '05-05-2026', 'Samitha', 'LY-5661', NULL, 0, 5, 5, '2026-05-05 16:21:52', '2026-05-05 16:21:52'),
(467, 'IN-000373', '05-05-2026', 'Eranga', 'LY-5660', NULL, 0, 5, 5, '2026-05-05 16:22:29', '2026-05-05 16:22:29'),
(468, 'IN-000374', '07-05-2026', 'Thennakoon', 'LX-2698', NULL, 0, 5, 5, '2026-05-08 10:07:19', '2026-05-08 10:07:19');

-- --------------------------------------------------------

--
-- Table structure for table `issue_note_products`
--

CREATE TABLE `issue_note_products` (
  `id` int(10) UNSIGNED NOT NULL,
  `issue_note_id` int(10) UNSIGNED NOT NULL,
  `product_id` int(10) UNSIGNED NOT NULL,
  `issued_quantity` decimal(10,2) NOT NULL DEFAULT 0.00,
  `created_at` timestamp NULL DEFAULT NULL,
  `updated_at` timestamp NULL DEFAULT NULL
) ENGINE=InnoDB DEFAULT CHARSET=utf8mb4 COLLATE=utf8mb4_unicode_ci;

--
-- Dumping data for table `issue_note_products`
--

INSERT INTO `issue_note_products` (`id`, `issue_note_id`, `product_id`, `issued_quantity`, `created_at`, `updated_at`) VALUES
(97, 70, 3, 1.00, '2025-04-25 15:42:13', '2025-04-25 15:42:13'),
(98, 71, 30, 1.00, '2025-04-28 17:25:36', '2025-04-28 17:25:36'),
(99, 72, 84, 1.00, '2025-04-29 12:38:53', '2025-04-29 12:38:53'),
(100, 73, 85, 20.00, '2025-04-29 22:32:06', '2025-04-29 22:32:06'),
(101, 74, 1, 1.00, '2025-04-30 06:34:35', '2025-04-30 06:34:35'),
(102, 74, 84, 1.00, '2025-04-30 06:34:35', '2025-04-30 06:34:35'),
(103, 75, 84, 1.00, '2025-04-30 10:04:04', '2025-04-30 10:04:04'),
(104, 76, 86, 1.00, '2025-04-30 12:17:32', '2025-04-30 12:17:32'),
(105, 77, 44, 2.00, '2025-04-30 19:44:15', '2025-04-30 19:44:15'),
(106, 78, 1, 1.00, '2025-05-02 10:49:10', '2025-05-02 10:49:10'),
(107, 79, 93, 1.00, '2025-05-02 11:19:26', '2025-05-02 11:19:26'),
(108, 80, 93, 1.00, '2025-05-06 12:15:13', '2025-05-06 12:15:13'),
(109, 81, 84, 1.00, '2025-05-07 17:05:09', '2025-05-07 17:05:09'),
(110, 82, 84, 1.00, '2025-05-08 08:33:19', '2025-05-08 08:33:19'),
(111, 83, 95, 1.00, '2025-05-08 15:10:09', '2025-05-08 15:10:09'),
(112, 83, 99, 1.00, '2025-05-08 15:10:09', '2025-05-08 15:10:09'),
(113, 83, 97, 1.00, '2025-05-08 15:10:09', '2025-05-08 15:10:09'),
(114, 83, 94, 1.00, '2025-05-08 15:10:09', '2025-05-08 15:10:09'),
(115, 83, 96, 1.00, '2025-05-08 15:10:09', '2025-05-08 15:10:09'),
(116, 83, 98, 1.00, '2025-05-08 15:10:09', '2025-05-08 15:10:09'),
(117, 84, 101, 1.00, '2025-05-09 12:04:38', '2025-05-09 12:04:38'),
(118, 84, 102, 1.00, '2025-05-09 12:04:38', '2025-05-09 12:04:38'),
(119, 84, 103, 1.00, '2025-05-09 12:04:38', '2025-05-09 12:04:38'),
(120, 84, 104, 1.00, '2025-05-09 12:04:38', '2025-05-09 12:04:38'),
(121, 85, 1, 1.00, '2025-05-09 15:49:44', '2025-05-09 15:49:44'),
(122, 85, 84, 1.00, '2025-05-09 15:49:44', '2025-05-09 15:49:44'),
(123, 86, 44, 1.00, '2025-05-14 08:57:23', '2025-05-14 08:57:23'),
(124, 86, 41, 3.00, '2025-05-14 08:57:23', '2025-05-14 08:57:23'),
(125, 87, 85, 20.00, '2025-05-14 09:03:31', '2025-05-14 09:03:31'),
(126, 88, 85, 10.00, '2025-05-14 12:04:11', '2025-05-14 12:04:11'),
(127, 89, 85, 20.00, '2025-05-15 12:59:39', '2025-05-15 12:59:39'),
(128, 90, 105, 1.00, '2025-05-15 15:46:54', '2025-05-15 15:46:54'),
(129, 90, 106, 1.00, '2025-05-15 15:46:54', '2025-05-15 15:46:54'),
(130, 90, 107, 1.00, '2025-05-15 15:46:54', '2025-05-15 15:46:54'),
(131, 90, 108, 1.00, '2025-05-15 15:46:54', '2025-05-15 15:46:54'),
(132, 91, 109, 1.00, '2025-05-15 15:50:57', '2025-05-15 15:50:57'),
(133, 91, 104, 1.00, '2025-05-15 15:50:57', '2025-05-15 15:50:57'),
(134, 91, 110, 1.00, '2025-05-15 15:50:57', '2025-05-15 15:50:57'),
(135, 91, 113, 1.00, '2025-05-15 15:50:57', '2025-05-15 15:50:57'),
(136, 91, 111, 1.00, '2025-05-15 15:50:57', '2025-05-15 15:50:57'),
(137, 91, 112, 1.00, '2025-05-15 15:50:57', '2025-05-15 15:50:57'),
(138, 92, 1, 1.00, '2025-05-16 17:04:43', '2025-05-16 17:04:43'),
(139, 92, 84, 1.00, '2025-05-16 17:04:43', '2025-05-16 17:04:43'),
(140, 93, 108, 1.00, '2025-05-17 12:31:33', '2025-05-17 12:31:33'),
(141, 94, 1, 1.00, '2025-05-19 10:48:31', '2025-05-19 10:48:31'),
(142, 94, 84, 1.00, '2025-05-19 10:48:31', '2025-05-19 10:48:31'),
(143, 95, 1, 2.00, '2025-05-19 11:10:39', '2025-05-19 11:10:39'),
(144, 96, 86, 1.00, '2025-05-19 15:19:34', '2025-05-19 15:19:34'),
(145, 97, 84, 1.00, '2025-05-20 17:13:32', '2025-05-20 17:13:32'),
(146, 98, 102, 1.00, '2025-05-21 17:27:23', '2025-05-21 17:27:23'),
(147, 98, 101, 1.00, '2025-05-21 17:27:23', '2025-05-21 17:27:23'),
(148, 98, 103, 1.00, '2025-05-21 17:27:23', '2025-05-21 17:27:23'),
(149, 98, 104, 1.00, '2025-05-21 17:27:23', '2025-05-21 17:27:23'),
(150, 99, 85, 20.00, '2025-05-26 10:59:34', '2025-05-26 10:59:34'),
(151, 100, 85, 20.00, '2025-05-26 13:21:42', '2025-05-26 13:21:42'),
(152, 101, 84, 1.00, '2025-05-27 11:34:16', '2025-05-27 11:34:16'),
(153, 102, 1, 1.00, '2025-05-27 14:34:17', '2025-05-27 14:34:17'),
(154, 103, 114, 2.00, '2025-05-27 14:45:46', '2025-05-27 14:45:46'),
(155, 104, 1, 2.00, '2025-05-28 11:59:09', '2025-05-28 11:59:09'),
(156, 104, 84, 1.00, '2025-05-28 11:59:09', '2025-05-28 11:59:09'),
(157, 105, 1, 1.00, '2025-05-28 12:00:55', '2025-05-28 12:00:55'),
(158, 106, 85, 20.00, '2025-05-28 12:07:40', '2025-05-28 12:07:40'),
(159, 107, 115, 2.00, '2025-05-29 12:16:27', '2025-05-29 12:16:27'),
(160, 107, 116, 1000.00, '2025-05-29 12:16:27', '2025-05-29 12:16:27'),
(161, 107, 117, 8.00, '2025-05-29 12:16:27', '2025-05-29 12:16:27'),
(162, 107, 118, 8.00, '2025-05-29 12:16:27', '2025-05-29 12:16:27'),
(163, 107, 119, 2.00, '2025-05-29 12:16:27', '2025-05-29 12:16:27'),
(164, 107, 120, 2.00, '2025-05-29 12:16:27', '2025-05-29 12:16:27'),
(165, 107, 121, 1.00, '2025-05-29 12:16:27', '2025-05-29 12:16:27'),
(166, 107, 122, 1.00, '2025-05-29 12:16:27', '2025-05-29 12:16:27'),
(167, 108, 75, 1.00, '2025-05-30 09:13:15', '2025-05-30 09:13:15'),
(168, 108, 100, 1.00, '2025-05-30 09:13:15', '2025-05-30 09:13:15'),
(169, 109, 84, 1.00, '2025-05-30 15:11:39', '2025-05-30 15:11:39'),
(170, 110, 1, 1.00, '2025-06-02 14:46:34', '2025-06-02 14:46:34'),
(171, 111, 84, 1.00, '2025-06-02 16:35:47', '2025-06-02 16:35:47'),
(172, 112, 1, 1.00, '2025-06-02 17:12:45', '2025-06-02 17:12:45'),
(173, 113, 1, 1.00, '2025-06-03 12:02:06', '2025-06-03 12:02:06'),
(174, 113, 84, 1.00, '2025-06-03 12:02:06', '2025-06-03 12:02:06'),
(175, 114, 123, 1.00, '2025-06-03 12:04:16', '2025-06-03 12:04:16'),
(176, 114, 124, 1.00, '2025-06-03 12:04:16', '2025-06-03 12:04:16'),
(177, 115, 125, 3.00, '2025-06-04 12:05:49', '2025-06-04 12:05:49'),
(178, 116, 126, 1.00, '2025-06-05 13:51:05', '2025-06-05 13:51:05'),
(179, 117, 5, 1.00, '2025-06-06 08:36:14', '2025-06-06 08:36:14'),
(180, 117, 6, 1.00, '2025-06-06 08:36:14', '2025-06-06 08:36:14'),
(181, 117, 7, 1.00, '2025-06-06 08:36:14', '2025-06-06 08:36:14'),
(182, 118, 1, 1.00, '2025-06-07 10:45:54', '2025-06-07 10:45:54'),
(183, 119, 29, 2.00, '2025-06-09 15:55:59', '2025-06-09 15:55:59'),
(184, 120, 84, 1.00, '2025-06-09 16:48:20', '2025-06-09 16:48:20'),
(185, 121, 5, 1.00, '2025-06-11 12:51:48', '2025-06-11 12:51:48'),
(186, 121, 6, 1.00, '2025-06-11 12:51:48', '2025-06-11 12:51:48'),
(187, 121, 7, 1.00, '2025-06-11 12:51:48', '2025-06-11 12:51:48'),
(188, 122, 127, 1.00, '2025-06-13 16:17:47', '2025-06-13 16:17:47'),
(189, 123, 84, 4.00, '2025-06-17 12:12:26', '2025-06-17 12:12:26'),
(190, 123, 1, 5.00, '2025-06-17 12:12:26', '2025-06-17 12:12:26'),
(191, 124, 84, 1.00, '2025-06-19 10:50:03', '2025-06-19 10:50:03'),
(192, 125, 1, 1.00, '2025-06-19 15:08:19', '2025-06-19 15:08:19'),
(193, 126, 108, 1.00, '2025-06-23 11:00:37', '2025-06-23 11:00:37'),
(194, 127, 5, 1.00, '2025-06-23 11:04:30', '2025-06-23 11:04:30'),
(195, 127, 6, 1.00, '2025-06-23 11:04:30', '2025-06-23 11:04:30'),
(196, 127, 7, 1.00, '2025-06-23 11:04:30', '2025-06-23 11:04:30'),
(197, 128, 85, 24.00, '2025-06-24 10:27:45', '2025-06-24 10:27:45'),
(198, 129, 85, 16.00, '2025-06-24 10:28:39', '2025-06-24 10:28:39'),
(199, 130, 85, 20.00, '2025-06-30 11:22:13', '2025-06-30 11:22:13'),
(200, 131, 128, 1.00, '2025-06-30 11:24:55', '2025-06-30 11:24:55'),
(201, 131, 129, 2.00, '2025-06-30 11:24:55', '2025-06-30 11:24:55'),
(202, 131, 130, 1.00, '2025-06-30 11:24:55', '2025-06-30 11:24:55'),
(203, 131, 131, 1.00, '2025-06-30 11:24:55', '2025-06-30 11:24:55'),
(204, 131, 132, 1.00, '2025-06-30 11:24:55', '2025-06-30 11:24:55'),
(205, 132, 85, 20.00, '2025-07-01 16:12:59', '2025-07-01 16:12:59'),
(206, 133, 1, 1.00, '2025-07-02 13:31:44', '2025-07-02 13:31:44'),
(207, 134, 126, 1.00, '2025-07-02 14:55:00', '2025-07-02 14:55:00'),
(208, 135, 84, 1.00, '2025-07-03 17:23:18', '2025-07-03 17:23:18'),
(209, 136, 1, 1.00, '2025-07-05 10:57:17', '2025-07-05 10:57:17'),
(210, 136, 84, 1.00, '2025-07-05 10:57:17', '2025-07-05 10:57:17'),
(211, 137, 5, 1.00, '2025-07-08 15:59:04', '2025-07-08 15:59:04'),
(212, 137, 6, 1.00, '2025-07-08 15:59:04', '2025-07-08 15:59:04'),
(213, 137, 7, 1.00, '2025-07-08 15:59:04', '2025-07-08 15:59:04'),
(214, 138, 1, 1.00, '2025-07-09 09:41:28', '2025-07-09 09:41:28'),
(215, 139, 125, 2.00, '2025-07-09 15:09:28', '2025-07-09 15:09:28'),
(216, 140, 105, 1.00, '2025-07-11 12:42:36', '2025-07-11 12:42:36'),
(217, 141, 114, 2.00, '2025-07-11 16:42:18', '2025-07-11 16:42:18'),
(218, 142, 89, 1.00, '2025-07-12 11:52:10', '2025-07-12 11:52:10'),
(219, 142, 35, 30.00, '2025-07-12 11:52:10', '2025-07-12 11:52:10'),
(220, 143, 1, 4.00, '2025-07-16 15:10:00', '2025-07-16 15:10:00'),
(221, 144, 1, 1.00, '2025-07-16 15:45:57', '2025-07-16 15:45:57'),
(222, 145, 84, 2.00, '2025-07-16 15:47:22', '2025-07-16 15:47:22'),
(223, 146, 5, 1.00, '2025-07-21 13:15:34', '2025-07-21 13:15:34'),
(224, 146, 6, 1.00, '2025-07-21 13:15:34', '2025-07-21 13:15:34'),
(225, 146, 7, 1.00, '2025-07-21 13:15:34', '2025-07-21 13:15:34'),
(226, 147, 84, 1.00, '2025-07-21 15:29:12', '2025-07-21 15:29:12'),
(227, 148, 67, 2.00, '2025-07-22 12:20:02', '2025-07-22 12:20:02'),
(228, 149, 67, 2.00, '2025-07-22 12:20:57', '2025-07-22 12:20:57'),
(229, 150, 129, 2.00, '2025-07-22 12:41:33', '2025-07-22 12:41:33'),
(230, 150, 130, 1.00, '2025-07-22 12:41:33', '2025-07-22 12:41:33'),
(231, 150, 131, 1.00, '2025-07-22 12:41:33', '2025-07-22 12:41:33'),
(232, 151, 85, 20.00, '2025-07-23 15:35:57', '2025-07-23 15:35:57'),
(233, 152, 85, 20.00, '2025-07-24 11:34:50', '2025-07-24 11:34:50'),
(234, 153, 1, 1.00, '2025-07-28 12:04:43', '2025-07-28 12:04:43'),
(235, 153, 84, 1.00, '2025-07-28 12:04:43', '2025-07-28 12:04:43'),
(236, 154, 139, 1.00, '2025-07-30 10:38:11', '2025-07-30 10:38:11'),
(237, 155, 86, 1.00, '2025-07-31 09:40:38', '2025-07-31 09:40:38'),
(238, 156, 133, 7.00, '2025-08-01 16:44:31', '2025-08-01 16:44:31'),
(239, 156, 134, 3.00, '2025-08-01 16:44:31', '2025-08-01 16:44:31'),
(240, 156, 135, 4.00, '2025-08-01 16:44:31', '2025-08-01 16:44:31'),
(241, 156, 136, 100.00, '2025-08-01 16:44:31', '2025-08-01 16:44:31'),
(242, 156, 137, 4.00, '2025-08-01 16:44:31', '2025-08-01 16:44:31'),
(243, 157, 39, 1.00, '2025-08-01 16:52:00', '2025-08-01 16:52:00'),
(244, 158, 33, 1.00, '2025-08-01 17:10:37', '2025-08-01 17:10:37'),
(245, 159, 140, 1.00, '2025-08-04 12:16:12', '2025-08-04 12:16:12'),
(246, 160, 141, 1.00, '2025-08-04 12:53:47', '2025-08-04 12:53:47'),
(247, 161, 85, 20.00, '2025-08-04 16:57:44', '2025-08-04 16:57:44'),
(248, 162, 30, 1.00, '2025-08-05 09:20:20', '2025-08-05 09:20:20'),
(249, 163, 142, 1.00, '2025-08-06 12:35:56', '2025-08-06 12:35:56'),
(250, 164, 143, 1.00, '2025-08-07 14:01:49', '2025-08-07 14:01:49'),
(251, 164, 144, 1.00, '2025-08-07 14:01:49', '2025-08-07 14:01:49'),
(252, 165, 85, 20.00, '2025-08-09 08:35:33', '2025-08-09 08:35:33'),
(253, 166, 85, 20.00, '2025-08-11 09:10:07', '2025-08-11 09:10:07'),
(254, 167, 145, 1.00, '2025-08-14 10:59:32', '2025-08-14 10:59:32'),
(255, 167, 146, 2.00, '2025-08-14 10:59:32', '2025-08-14 10:59:32'),
(256, 167, 147, 1.00, '2025-08-14 10:59:32', '2025-08-14 10:59:32'),
(257, 167, 148, 1.00, '2025-08-14 10:59:32', '2025-08-14 10:59:32'),
(258, 167, 149, 2.00, '2025-08-14 10:59:32', '2025-08-14 10:59:32'),
(259, 167, 150, 2.00, '2025-08-14 10:59:32', '2025-08-14 10:59:32'),
(260, 167, 151, 1.00, '2025-08-14 10:59:32', '2025-08-14 10:59:32'),
(261, 167, 152, 1.00, '2025-08-14 10:59:32', '2025-08-14 10:59:32'),
(262, 168, 154, 1.00, '2025-08-14 14:49:03', '2025-08-14 14:49:03'),
(263, 169, 5, 1.00, '2025-08-14 14:55:08', '2025-08-14 14:55:08'),
(264, 169, 6, 6.00, '2025-08-14 14:55:08', '2025-08-14 14:55:08'),
(265, 169, 7, 1.00, '2025-08-14 14:55:08', '2025-08-14 14:55:08'),
(266, 170, 1, 1.00, '2025-08-15 14:58:14', '2025-08-15 14:58:14'),
(267, 170, 84, 1.00, '2025-08-15 14:58:14', '2025-08-15 14:58:14'),
(268, 171, 114, 2.00, '2025-08-18 11:16:25', '2025-08-18 11:16:25'),
(269, 172, 1, 1.00, '2025-08-18 11:21:06', '2025-08-18 11:21:06'),
(270, 173, 5, 1.00, '2025-08-18 16:32:58', '2025-08-18 16:32:58'),
(271, 173, 6, 1.00, '2025-08-18 16:32:58', '2025-08-18 16:32:58'),
(272, 173, 7, 1.00, '2025-08-18 16:32:58', '2025-08-18 16:32:58'),
(273, 174, 141, 1.00, '2025-08-19 13:13:58', '2025-08-19 13:13:58'),
(274, 175, 1, 1.00, '2025-08-20 08:53:08', '2025-08-20 08:53:08'),
(275, 176, 85, 20.00, '2025-08-21 09:12:49', '2025-08-21 09:12:49'),
(276, 177, 155, 1.00, '2025-08-25 12:14:49', '2025-08-25 12:14:49'),
(277, 178, 157, 1.00, '2025-08-26 15:56:30', '2025-08-26 15:56:30'),
(278, 179, 156, 1.00, '2025-08-26 15:57:03', '2025-08-26 15:57:03'),
(279, 180, 159, 1.00, '2025-08-27 12:40:52', '2025-08-27 12:40:52'),
(280, 180, 158, 1.00, '2025-08-27 12:40:52', '2025-08-27 12:40:52'),
(281, 181, 85, 30.00, '2025-08-27 13:57:57', '2025-08-27 13:57:57'),
(282, 182, 30, 1.00, '2025-08-29 14:21:57', '2025-08-29 14:21:57'),
(283, 183, 114, 2.00, '2025-09-01 15:15:16', '2025-09-01 15:15:16'),
(284, 184, 114, 1.00, '2025-09-01 15:16:00', '2025-09-01 15:16:00'),
(285, 185, 139, 1.00, '2025-09-01 15:26:24', '2025-09-01 15:26:24'),
(286, 186, 1, 1.00, '2025-09-01 15:39:44', '2025-09-01 15:39:44'),
(287, 186, 84, 1.00, '2025-09-01 15:39:44', '2025-09-01 15:39:44'),
(288, 187, 138, 1.00, '2025-09-01 15:46:01', '2025-09-01 15:46:01'),
(289, 188, 1, 1.00, '2025-09-01 17:22:20', '2025-09-01 17:22:20'),
(290, 189, 85, 20.00, '2025-09-02 14:20:18', '2025-09-02 14:20:18'),
(291, 190, 160, 1.00, '2025-09-03 12:09:42', '2025-09-03 12:09:42'),
(292, 191, 1, 1.00, '2025-09-08 13:59:53', '2025-09-08 13:59:53'),
(293, 191, 84, 1.00, '2025-09-08 13:59:53', '2025-09-08 13:59:53'),
(294, 192, 161, 4.00, '2025-09-08 14:33:30', '2025-09-08 14:33:30'),
(295, 193, 158, 1.00, '2025-09-08 15:53:36', '2025-09-08 15:53:36'),
(296, 194, 84, 8.00, '2025-09-10 16:07:28', '2025-09-10 16:07:28'),
(297, 194, 1, 6.00, '2025-09-10 16:07:28', '2025-09-10 16:07:28'),
(298, 195, 84, 1.00, '2025-09-11 12:00:22', '2025-09-11 12:00:22'),
(299, 196, 85, 20.00, '2025-09-12 09:39:16', '2025-09-12 09:39:16'),
(300, 197, 85, 20.00, '2025-09-12 09:41:02', '2025-09-12 09:41:02'),
(301, 198, 87, 1.00, '2025-09-12 10:16:32', '2025-09-12 10:16:32'),
(302, 199, 24, 2.00, '2025-09-12 12:11:59', '2025-09-12 12:11:59'),
(303, 200, 24, 2.00, '2025-09-12 12:28:08', '2025-09-12 12:28:08'),
(304, 201, 164, 1.00, '2025-09-12 14:38:46', '2025-09-12 14:38:46'),
(305, 202, 85, 10.00, '2025-09-15 12:24:10', '2025-09-15 12:24:10'),
(306, 202, 114, 1.00, '2025-09-15 12:24:10', '2025-09-15 12:24:10'),
(307, 203, 85, 10.00, '2025-09-15 12:24:57', '2025-09-15 12:24:57'),
(308, 203, 114, 1.00, '2025-09-15 12:24:57', '2025-09-15 12:24:57'),
(309, 204, 85, 30.00, '2025-09-16 15:24:39', '2025-09-16 15:24:39'),
(310, 205, 170, 1.00, '2025-09-18 12:08:58', '2025-09-18 12:08:58'),
(311, 205, 171, 2.00, '2025-09-18 12:08:58', '2025-09-18 12:08:58'),
(312, 206, 90, 2.00, '2025-09-18 12:10:49', '2025-09-18 12:10:49'),
(313, 207, 172, 1.00, '2025-09-18 16:42:55', '2025-09-18 16:42:55'),
(314, 208, 1, 1.00, '2025-09-19 09:36:07', '2025-09-19 09:36:07'),
(315, 209, 1, 1.00, '2025-09-20 10:11:11', '2025-09-20 10:11:11'),
(316, 209, 84, 1.00, '2025-09-20 10:11:11', '2025-09-20 10:11:11'),
(324, 212, 179, 6.00, '2025-09-23 14:04:08', '2025-09-23 14:04:08'),
(325, 212, 180, 6.00, '2025-09-23 14:04:08', '2025-09-23 14:04:08'),
(326, 212, 178, 3.00, '2025-09-23 14:04:08', '2025-09-23 14:04:08'),
(327, 212, 64, 8.00, '2025-09-23 14:04:08', '2025-09-23 14:04:08'),
(328, 212, 181, 1.00, '2025-09-23 14:04:08', '2025-09-23 14:04:08'),
(329, 213, 173, 3.00, '2025-09-24 12:18:10', '2025-09-24 12:18:10'),
(331, 215, 158, 3.00, '2025-09-26 15:31:14', '2025-09-26 15:31:14'),
(332, 215, 135, 3.00, '2025-09-26 15:31:14', '2025-09-26 15:31:14'),
(333, 215, 64, 2.00, '2025-09-26 15:31:14', '2025-09-26 15:31:14'),
(334, 215, 80, 3.00, '2025-09-26 15:31:14', '2025-09-26 15:31:14'),
(335, 215, 182, 24.00, '2025-09-26 15:31:14', '2025-09-26 15:31:14'),
(336, 216, 161, 4.00, '2025-09-26 15:41:03', '2025-09-26 15:41:03'),
(337, 216, 144, 1.00, '2025-09-26 15:41:03', '2025-09-26 15:41:03'),
(361, 226, 1, 1.00, '2025-09-29 16:36:36', '2025-09-29 16:36:36'),
(362, 226, 84, 1.00, '2025-09-29 16:36:36', '2025-09-29 16:36:36'),
(369, 233, 85, 25.00, '2025-09-30 15:21:07', '2025-09-30 15:21:07'),
(370, 234, 161, 2.00, '2025-09-30 15:28:30', '2025-09-30 15:28:30'),
(371, 234, 131, 1.00, '2025-09-30 15:28:30', '2025-09-30 15:28:30'),
(372, 234, 130, 1.00, '2025-09-30 15:28:30', '2025-09-30 15:28:30'),
(373, 234, 129, 2.00, '2025-09-30 15:28:30', '2025-09-30 15:28:30'),
(374, 235, 41, 10.00, '2025-09-30 15:37:54', '2025-09-30 15:37:54'),
(375, 235, 44, 10.00, '2025-09-30 15:37:54', '2025-09-30 15:37:54'),
(376, 235, 43, 10.00, '2025-09-30 15:37:54', '2025-09-30 15:37:54'),
(377, 236, 5, 1.00, '2025-09-30 17:15:02', '2025-09-30 17:15:02'),
(378, 236, 6, 1.00, '2025-09-30 17:15:02', '2025-09-30 17:15:02'),
(379, 236, 7, 1.00, '2025-09-30 17:15:02', '2025-09-30 17:15:02'),
(380, 237, 167, 6.00, '2025-09-30 17:23:28', '2025-09-30 17:23:28'),
(381, 237, 168, 2.00, '2025-09-30 17:23:28', '2025-09-30 17:23:28'),
(382, 237, 169, 1.00, '2025-09-30 17:23:28', '2025-09-30 17:23:28'),
(383, 238, 167, 1.00, '2025-09-30 17:24:38', '2025-09-30 17:24:38'),
(384, 238, 163, 1.00, '2025-09-30 17:24:38', '2025-09-30 17:24:38'),
(385, 239, 80, 1.00, '2025-09-30 17:38:10', '2025-09-30 17:38:10'),
(386, 239, 184, 2.00, '2025-09-30 17:38:10', '2025-09-30 17:38:10'),
(387, 239, 64, 3.00, '2025-09-30 17:38:10', '2025-09-30 17:38:10'),
(388, 239, 135, 1.00, '2025-09-30 17:38:10', '2025-09-30 17:38:10'),
(389, 239, 177, 1.00, '2025-09-30 17:38:10', '2025-09-30 17:38:10'),
(390, 239, 158, 1.00, '2025-09-30 17:38:10', '2025-09-30 17:38:10'),
(391, 239, 182, 7.00, '2025-09-30 17:38:10', '2025-09-30 17:38:10'),
(392, 240, 82, 1.00, '2025-10-01 10:30:22', '2025-10-01 10:30:22'),
(393, 241, 179, 2.00, '2025-10-01 17:29:35', '2025-10-01 17:29:35'),
(394, 241, 180, 2.00, '2025-10-01 17:29:35', '2025-10-01 17:29:35'),
(395, 241, 178, 1.00, '2025-10-01 17:29:35', '2025-10-01 17:29:35'),
(396, 242, 22, 1.00, '2025-10-03 14:09:51', '2025-10-03 14:09:51'),
(397, 242, 29, 1.00, '2025-10-03 14:09:51', '2025-10-03 14:09:51'),
(398, 242, 166, 2.00, '2025-10-03 14:09:51', '2025-10-03 14:09:51'),
(399, 243, 167, 1.00, '2025-10-04 12:18:25', '2025-10-04 12:18:25'),
(400, 243, 22, 2.00, '2025-10-04 12:18:25', '2025-10-04 12:18:25'),
(401, 244, 166, 2.00, '2025-10-04 12:27:51', '2025-10-04 12:27:51'),
(402, 245, 167, 1.00, '2025-10-07 09:10:37', '2025-10-07 09:10:37'),
(403, 245, 168, 2.00, '2025-10-07 09:10:37', '2025-10-07 09:10:37'),
(404, 245, 169, 1.00, '2025-10-07 09:10:37', '2025-10-07 09:10:37'),
(405, 246, 166, 4.00, '2025-10-07 11:34:40', '2025-10-07 11:34:40'),
(406, 247, 22, 1.00, '2025-10-07 11:44:01', '2025-10-07 11:44:01'),
(407, 247, 164, 2.00, '2025-10-07 11:44:01', '2025-10-07 11:44:01'),
(408, 248, 5, 1.00, '2025-10-07 16:26:49', '2025-10-07 16:26:49'),
(409, 248, 6, 1.00, '2025-10-07 16:26:49', '2025-10-07 16:26:49'),
(410, 248, 7, 1.00, '2025-10-07 16:26:49', '2025-10-07 16:26:49'),
(411, 249, 85, 25.00, '2025-10-07 16:27:38', '2025-10-07 16:27:38'),
(412, 250, 165, 3.00, '2025-10-08 09:40:29', '2025-10-08 09:40:29'),
(413, 251, 188, 1.00, '2025-10-08 17:07:56', '2025-10-08 17:07:56'),
(414, 252, 162, 1.00, '2025-10-15 08:53:22', '2025-10-15 08:53:22'),
(416, 254, 190, 3.00, '2025-10-15 11:19:14', '2025-10-15 11:19:14'),
(417, 255, 165, 1.00, '2025-10-15 11:21:33', '2025-10-15 11:21:33'),
(418, 256, 114, 1.00, '2025-10-18 10:18:50', '2025-10-18 10:18:50'),
(419, 257, 67, 1.00, '2025-10-20 16:12:12', '2025-10-20 16:12:12'),
(420, 258, 193, 1.00, '2025-10-20 17:03:21', '2025-10-20 17:03:21'),
(421, 259, 68, 1.00, '2025-10-20 17:04:48', '2025-10-20 17:04:48'),
(422, 260, 80, 1.00, '2025-10-20 17:24:35', '2025-10-20 17:24:35'),
(423, 260, 184, 2.00, '2025-10-20 17:24:35', '2025-10-20 17:24:35'),
(424, 260, 64, 3.00, '2025-10-20 17:24:35', '2025-10-20 17:24:35'),
(425, 260, 135, 1.00, '2025-10-20 17:24:35', '2025-10-20 17:24:35'),
(426, 260, 177, 1.00, '2025-10-20 17:24:35', '2025-10-20 17:24:35'),
(427, 260, 158, 1.00, '2025-10-20 17:24:35', '2025-10-20 17:24:35'),
(428, 260, 182, 7.00, '2025-10-20 17:24:35', '2025-10-20 17:24:35'),
(429, 261, 75, 1.00, '2025-10-23 12:40:57', '2025-10-23 12:40:57'),
(430, 261, 100, 1.00, '2025-10-23 12:40:57', '2025-10-23 12:40:57'),
(431, 262, 195, 1.00, '2025-10-23 12:43:16', '2025-10-23 12:43:16'),
(432, 262, 75, 1.00, '2025-10-23 12:43:16', '2025-10-23 12:43:16'),
(433, 262, 100, 1.00, '2025-10-23 12:43:16', '2025-10-23 12:43:16'),
(434, 263, 67, 1.00, '2025-10-25 09:51:08', '2025-10-25 09:51:08'),
(435, 264, 1, 1.00, '2025-10-27 17:05:44', '2025-10-27 17:05:44'),
(436, 265, 196, 1.00, '2025-10-28 14:16:52', '2025-10-28 14:16:52'),
(437, 266, 84, 4.00, '2025-10-28 15:32:18', '2025-10-28 15:32:18'),
(438, 266, 1, 4.00, '2025-10-28 15:32:18', '2025-10-28 15:32:18'),
(439, 267, 163, 1.00, '2025-10-28 17:15:50', '2025-10-28 17:15:50'),
(440, 268, 1, 2.00, '2025-10-29 15:00:42', '2025-10-29 15:00:42'),
(441, 269, 87, 1.00, '2025-10-31 12:44:22', '2025-10-31 12:44:22'),
(442, 270, 31, 1.00, '2025-11-03 10:53:01', '2025-11-03 10:53:01'),
(443, 271, 166, 2.00, '2025-11-03 10:53:44', '2025-11-03 10:53:44'),
(444, 272, 23, 1.00, '2025-11-03 11:08:35', '2025-11-03 11:08:35'),
(445, 273, 1, 1.00, '2025-11-03 11:28:30', '2025-11-03 11:28:30'),
(446, 274, 85, 20.00, '2025-11-03 13:05:28', '2025-11-03 13:05:28'),
(447, 274, 114, 1.00, '2025-11-03 13:05:28', '2025-11-03 13:05:28'),
(448, 275, 197, 1.00, '2025-11-10 15:48:23', '2025-11-10 15:48:23'),
(449, 275, 198, 1.00, '2025-11-10 15:48:23', '2025-11-10 15:48:23'),
(450, 275, 199, 1.00, '2025-11-10 15:48:23', '2025-11-10 15:48:23'),
(451, 276, 185, 1.00, '2025-11-10 16:02:11', '2025-11-10 16:02:11'),
(452, 276, 186, 1.00, '2025-11-10 16:02:11', '2025-11-10 16:02:11'),
(453, 276, 187, 2.00, '2025-11-10 16:02:11', '2025-11-10 16:02:11'),
(454, 276, 189, 1.00, '2025-11-10 16:02:11', '2025-11-10 16:02:11'),
(455, 277, 185, 1.00, '2025-11-10 16:03:45', '2025-11-10 16:03:45'),
(456, 277, 186, 1.00, '2025-11-10 16:03:45', '2025-11-10 16:03:45'),
(457, 277, 187, 2.00, '2025-11-10 16:03:45', '2025-11-10 16:03:45'),
(458, 277, 189, 1.00, '2025-11-10 16:03:45', '2025-11-10 16:03:45'),
(459, 278, 24, 3.00, '2025-11-10 16:05:44', '2025-11-10 16:05:44'),
(460, 279, 24, 1.00, '2025-11-10 16:06:40', '2025-11-10 16:06:40'),
(461, 280, 163, 1.00, '2025-11-10 16:07:49', '2025-11-10 16:07:49'),
(462, 281, 7, 1.00, '2025-11-10 16:11:52', '2025-11-10 16:11:52'),
(463, 281, 6, 1.00, '2025-11-10 16:11:52', '2025-11-10 16:11:52'),
(464, 282, 185, 1.00, '2025-11-10 16:13:45', '2025-11-10 16:13:45'),
(465, 282, 186, 1.00, '2025-11-10 16:13:45', '2025-11-10 16:13:45'),
(466, 282, 187, 2.00, '2025-11-10 16:13:45', '2025-11-10 16:13:45'),
(467, 282, 189, 1.00, '2025-11-10 16:13:45', '2025-11-10 16:13:45'),
(468, 283, 179, 2.00, '2025-11-10 16:31:59', '2025-11-10 16:31:59'),
(469, 283, 180, 2.00, '2025-11-10 16:31:59', '2025-11-10 16:31:59'),
(470, 283, 178, 1.00, '2025-11-10 16:31:59', '2025-11-10 16:31:59'),
(471, 283, 64, 1.00, '2025-11-10 16:31:59', '2025-11-10 16:31:59'),
(472, 284, 85, 27.50, '2025-11-11 09:56:23', '2025-11-11 09:56:23'),
(473, 285, 185, 1.00, '2025-11-11 10:02:46', '2025-11-11 10:02:46'),
(474, 285, 186, 1.00, '2025-11-11 10:02:46', '2025-11-11 10:02:46'),
(475, 285, 189, 1.00, '2025-11-11 10:02:46', '2025-11-11 10:02:46'),
(476, 285, 187, 2.00, '2025-11-11 10:02:46', '2025-11-11 10:02:46'),
(477, 286, 164, 1.00, '2025-11-11 11:06:44', '2025-11-11 11:06:44'),
(478, 287, 189, 1.00, '2025-11-11 13:00:16', '2025-11-11 13:00:16'),
(479, 288, 23, 1.00, '2025-11-11 15:09:49', '2025-11-11 15:09:49'),
(480, 288, 24, 2.00, '2025-11-11 15:09:49', '2025-11-11 15:09:49'),
(481, 289, 162, 1.00, '2025-11-11 15:50:32', '2025-11-11 15:50:32'),
(482, 290, 164, 2.00, '2025-11-11 16:01:50', '2025-11-11 16:01:50'),
(483, 290, 22, 1.00, '2025-11-11 16:01:50', '2025-11-11 16:01:50'),
(484, 291, 185, 1.00, '2025-11-12 16:43:31', '2025-11-12 16:43:31'),
(485, 291, 186, 1.00, '2025-11-12 16:43:31', '2025-11-12 16:43:31'),
(486, 291, 189, 1.00, '2025-11-12 16:43:31', '2025-11-12 16:43:31'),
(487, 291, 187, 2.00, '2025-11-12 16:43:31', '2025-11-12 16:43:31'),
(488, 292, 84, 1.00, '2025-11-13 12:31:33', '2025-11-13 12:31:33'),
(489, 293, 138, 1.00, '2025-11-13 12:45:05', '2025-11-13 12:45:05'),
(490, 294, 84, 1.00, '2025-11-14 15:37:57', '2025-11-14 15:37:57'),
(491, 294, 1, 1.00, '2025-11-14 15:37:57', '2025-11-14 15:37:57'),
(492, 295, 85, 22.50, '2025-11-17 15:26:37', '2025-11-17 15:26:37'),
(493, 296, 85, 26.00, '2025-11-17 15:28:05', '2025-11-17 15:28:05'),
(494, 297, 200, 1.00, '2025-11-18 13:53:06', '2025-11-18 13:53:06'),
(495, 298, 24, 2.00, '2025-11-19 17:17:07', '2025-11-19 17:17:07'),
(496, 298, 23, 2.00, '2025-11-19 17:17:07', '2025-11-19 17:17:07'),
(497, 299, 24, 1.00, '2025-11-21 10:07:23', '2025-11-21 10:07:23'),
(498, 300, 202, 1.00, '2025-11-21 10:20:07', '2025-11-21 10:20:07'),
(499, 301, 201, 1.00, '2025-11-21 10:25:16', '2025-11-21 10:25:16'),
(500, 302, 1, 1.00, '2025-11-21 14:38:40', '2025-11-21 14:38:40'),
(501, 303, 194, 1.00, '2025-11-22 10:09:45', '2025-11-22 10:09:45'),
(502, 304, 164, 2.00, '2025-11-22 12:55:09', '2025-11-22 12:55:09'),
(503, 305, 164, 3.00, '2025-11-24 14:17:15', '2025-11-24 14:17:15'),
(504, 305, 22, 1.00, '2025-11-24 14:17:15', '2025-11-24 14:17:15'),
(505, 306, 203, 1.00, '2025-11-24 16:06:31', '2025-11-24 16:06:31'),
(506, 307, 162, 2.00, '2025-11-25 10:50:07', '2025-11-25 10:50:07'),
(507, 308, 93, 1.00, '2025-11-25 14:33:52', '2025-11-25 14:33:52'),
(508, 308, 204, 1.00, '2025-11-25 14:33:52', '2025-11-25 14:33:52'),
(509, 309, 86, 1.00, '2025-11-26 10:31:54', '2025-11-26 10:31:54'),
(510, 310, 86, 1.00, '2025-11-26 15:20:24', '2025-11-26 15:20:24'),
(511, 311, 75, 1.00, '2025-12-01 09:10:16', '2025-12-01 09:10:16'),
(512, 312, 205, 1.00, '2025-12-02 14:41:53', '2025-12-02 14:41:53'),
(513, 313, 164, 1.00, '2025-12-05 09:29:02', '2025-12-05 09:29:02'),
(514, 314, 194, 1.00, '2025-12-05 12:27:33', '2025-12-05 12:27:33'),
(515, 314, 100, 1.00, '2025-12-05 12:27:33', '2025-12-05 12:27:33'),
(516, 315, 206, 1.00, '2025-12-05 17:01:59', '2025-12-05 17:01:59'),
(517, 315, 207, 1.00, '2025-12-05 17:01:59', '2025-12-05 17:01:59'),
(518, 316, 84, 1.00, '2025-12-08 14:14:47', '2025-12-08 14:14:47'),
(519, 317, 34, 1.00, '2025-12-08 17:15:08', '2025-12-08 17:15:08'),
(520, 318, 1, 8.00, '2025-12-09 14:05:06', '2025-12-09 14:05:06'),
(521, 318, 84, 4.00, '2025-12-09 14:05:06', '2025-12-09 14:05:06'),
(522, 319, 1, 1.00, '2025-12-09 14:05:42', '2025-12-09 14:05:42'),
(523, 320, 162, 1.00, '2025-12-10 12:39:09', '2025-12-10 12:39:09'),
(524, 321, 1, 8.00, '2025-12-10 12:46:09', '2025-12-10 12:46:09'),
(525, 321, 84, 8.00, '2025-12-10 12:46:09', '2025-12-10 12:46:09'),
(526, 322, 5, 1.00, '2025-12-15 12:26:56', '2025-12-15 12:26:56'),
(527, 322, 6, 1.00, '2025-12-15 12:26:56', '2025-12-15 12:26:56'),
(528, 322, 7, 1.00, '2025-12-15 12:26:56', '2025-12-15 12:26:56'),
(532, 326, 85, 24.00, '2025-12-17 11:31:08', '2025-12-17 11:31:08'),
(533, 327, 85, 20.00, '2025-12-17 11:32:25', '2025-12-17 11:32:25'),
(534, 328, 85, 10.00, '2025-12-17 11:35:37', '2025-12-17 11:35:37'),
(535, 328, 114, 1.75, '2025-12-17 11:35:37', '2025-12-17 11:35:37'),
(536, 329, 163, 1.00, '2025-12-17 11:42:36', '2025-12-17 11:42:36'),
(537, 330, 82, 1.00, '2025-12-17 11:43:53', '2025-12-17 11:43:53'),
(538, 331, 24, 2.00, '2025-12-17 11:45:01', '2025-12-17 11:45:01'),
(539, 332, 84, 1.00, '2025-12-17 13:55:15', '2025-12-17 13:55:15'),
(540, 332, 1, 1.00, '2025-12-17 13:55:15', '2025-12-17 13:55:15'),
(541, 333, 1, 1.00, '2025-12-17 13:56:30', '2025-12-17 13:56:30'),
(542, 334, 1, 1.00, '2025-12-17 14:52:53', '2025-12-17 14:52:53'),
(543, 335, 6, 1.00, '2025-12-17 15:58:55', '2025-12-17 15:58:55'),
(544, 335, 7, 1.00, '2025-12-17 15:58:55', '2025-12-17 15:58:55'),
(545, 335, 5, 1.00, '2025-12-17 15:58:55', '2025-12-17 15:58:55'),
(546, 335, 209, 1.00, '2025-12-17 15:58:55', '2025-12-17 15:58:55'),
(547, 336, 64, 1.00, '2025-12-18 13:33:36', '2025-12-18 13:33:36'),
(548, 337, 208, 1.00, '2025-12-18 14:37:30', '2025-12-18 14:37:30'),
(549, 338, 165, 2.00, '2025-12-19 09:39:42', '2025-12-19 09:39:42'),
(550, 339, 163, 1.00, '2025-12-19 10:25:33', '2025-12-19 10:25:33'),
(551, 340, 168, 1.00, '2025-12-22 11:46:10', '2025-12-22 11:46:10'),
(552, 340, 169, 1.00, '2025-12-22 11:46:10', '2025-12-22 11:46:10'),
(553, 340, 22, 3.00, '2025-12-22 11:46:10', '2025-12-22 11:46:10'),
(554, 340, 164, 1.00, '2025-12-22 11:46:10', '2025-12-22 11:46:10'),
(555, 341, 168, 2.00, '2025-12-22 14:11:36', '2025-12-22 14:11:36'),
(556, 341, 164, 2.00, '2025-12-22 14:11:36', '2025-12-22 14:11:36'),
(557, 342, 167, 1.00, '2025-12-22 14:14:11', '2025-12-22 14:14:11'),
(558, 342, 168, 3.00, '2025-12-22 14:14:11', '2025-12-22 14:14:11'),
(559, 343, 1, 1.00, '2025-12-22 15:03:17', '2025-12-22 15:03:17'),
(560, 344, 64, 1.00, '2025-12-22 15:04:26', '2025-12-22 15:04:26'),
(561, 345, 85, 25.00, '2025-12-22 15:05:19', '2025-12-22 15:05:19'),
(562, 346, 85, 25.00, '2025-12-22 15:06:12', '2025-12-22 15:06:12'),
(563, 347, 114, 1.50, '2025-12-23 15:30:45', '2025-12-23 15:30:45'),
(564, 348, 86, 1.00, '2025-12-24 09:27:20', '2025-12-24 09:27:20'),
(565, 349, 85, 20.00, '2025-12-27 09:59:06', '2025-12-27 09:59:06'),
(566, 350, 210, 1.00, '2025-12-29 12:55:38', '2025-12-29 12:55:38'),
(567, 351, 164, 2.00, '2025-12-29 12:58:56', '2025-12-29 12:58:56'),
(568, 352, 1, 1.00, '2025-12-29 14:32:17', '2025-12-29 14:32:17'),
(569, 353, 1, 1.00, '2025-12-29 14:33:15', '2025-12-29 14:33:15'),
(570, 354, 1, 1.00, '2025-12-29 16:53:33', '2025-12-29 16:53:33'),
(571, 355, 211, 1.00, '2025-12-29 17:01:20', '2025-12-29 17:01:20'),
(572, 355, 64, 1.00, '2025-12-29 17:01:20', '2025-12-29 17:01:20'),
(573, 356, 1, 2.00, '2025-12-29 17:22:34', '2025-12-29 17:22:34'),
(574, 357, 164, 1.00, '2025-12-30 10:41:53', '2025-12-30 10:41:53'),
(575, 358, 85, 20.00, '2026-01-01 14:57:13', '2026-01-01 14:57:13'),
(576, 359, 85, 10.00, '2026-01-01 14:58:34', '2026-01-01 14:58:34'),
(577, 360, 24, 1.00, '2026-01-02 09:45:22', '2026-01-02 09:45:22'),
(578, 361, 86, 1.00, '2026-01-05 14:31:30', '2026-01-05 14:31:30'),
(579, 362, 85, 10.00, '2026-01-06 09:36:46', '2026-01-06 09:36:46'),
(580, 363, 86, 1.00, '2026-01-06 12:05:45', '2026-01-06 12:05:45'),
(581, 364, 162, 1.00, '2026-01-06 12:14:18', '2026-01-06 12:14:18'),
(583, 366, 82, 1.00, '2026-01-08 09:56:31', '2026-01-08 09:56:31'),
(584, 367, 67, 2.00, '2026-01-08 09:57:44', '2026-01-08 09:57:44'),
(585, 368, 1, 1.00, '2026-01-08 10:17:06', '2026-01-08 10:17:06'),
(586, 368, 84, 1.00, '2026-01-08 10:17:06', '2026-01-08 10:17:06'),
(587, 369, 84, 1.00, '2026-01-08 16:54:55', '2026-01-08 16:54:55'),
(588, 370, 162, 1.00, '2026-01-14 13:06:33', '2026-01-14 13:06:33'),
(589, 371, 5, 1.00, '2026-01-14 13:10:34', '2026-01-14 13:10:34'),
(590, 371, 6, 1.00, '2026-01-14 13:10:34', '2026-01-14 13:10:34'),
(591, 371, 7, 1.00, '2026-01-14 13:10:34', '2026-01-14 13:10:34'),
(592, 372, 1, 1.00, '2026-01-14 13:16:22', '2026-01-14 13:16:22'),
(593, 372, 84, 1.00, '2026-01-14 13:16:22', '2026-01-14 13:16:22'),
(594, 373, 163, 1.00, '2026-01-14 13:20:28', '2026-01-14 13:20:28'),
(595, 374, 5, 1.00, '2026-01-14 13:23:12', '2026-01-14 13:23:12'),
(596, 374, 6, 1.00, '2026-01-14 13:23:12', '2026-01-14 13:23:12'),
(597, 374, 7, 1.00, '2026-01-14 13:23:12', '2026-01-14 13:23:12'),
(598, 375, 114, 1.50, '2026-01-14 13:43:21', '2026-01-14 13:43:21'),
(599, 376, 114, 2.00, '2026-01-14 13:44:57', '2026-01-14 13:44:57'),
(600, 377, 114, 1.50, '2026-01-14 13:46:07', '2026-01-14 13:46:07'),
(601, 378, 85, 20.00, '2026-01-16 10:50:51', '2026-01-16 10:50:51'),
(602, 379, 85, 10.00, '2026-01-16 10:51:43', '2026-01-16 10:51:43'),
(603, 380, 1, 1.00, '2026-01-17 09:07:25', '2026-01-17 09:07:25'),
(604, 380, 84, 1.00, '2026-01-17 09:07:25', '2026-01-17 09:07:25'),
(605, 381, 162, 1.00, '2026-01-22 13:00:56', '2026-01-22 13:00:56'),
(606, 382, 85, 10.00, '2026-01-26 11:21:59', '2026-01-26 11:21:59'),
(607, 383, 84, 2.00, '2026-01-26 14:47:19', '2026-01-26 14:47:19'),
(608, 383, 1, 3.00, '2026-01-26 14:47:19', '2026-01-26 14:47:19'),
(609, 384, 1, 1.00, '2026-01-26 14:48:21', '2026-01-26 14:48:21'),
(610, 385, 85, 20.00, '2026-01-27 13:39:31', '2026-01-27 13:39:31'),
(611, 386, 161, 2.00, '2026-01-28 13:53:03', '2026-01-28 13:53:03'),
(612, 386, 193, 1.00, '2026-01-28 13:53:03', '2026-01-28 13:53:03'),
(613, 386, 202, 2.00, '2026-01-28 13:53:03', '2026-01-28 13:53:03'),
(615, 388, 212, 3.00, '2026-01-28 13:56:55', '2026-01-28 13:56:55'),
(616, 389, 138, 1.00, '2026-01-28 14:17:05', '2026-01-28 14:17:05'),
(617, 389, 206, 1.00, '2026-01-28 14:17:05', '2026-01-28 14:17:05'),
(618, 390, 214, 1.00, '2026-01-28 14:45:16', '2026-01-28 14:45:16'),
(619, 390, 215, 1.00, '2026-01-28 14:45:16', '2026-01-28 14:45:16'),
(620, 390, 216, 1.00, '2026-01-28 14:45:16', '2026-01-28 14:45:16'),
(621, 390, 156, 2.00, '2026-01-28 14:45:16', '2026-01-28 14:45:16'),
(622, 391, 163, 2.00, '2026-01-29 15:40:41', '2026-01-29 15:40:41'),
(623, 392, 76, 20.00, '2026-01-30 17:04:50', '2026-01-30 17:04:50'),
(624, 393, 1, 1.00, '2026-02-02 14:39:17', '2026-02-02 14:39:17'),
(625, 394, 163, 1.00, '2026-02-02 14:53:16', '2026-02-02 14:53:16'),
(626, 395, 22, 1.00, '2026-02-02 14:55:07', '2026-02-02 14:55:07'),
(627, 396, 169, 2.00, '2026-02-02 14:57:22', '2026-02-02 14:57:22'),
(628, 397, 85, 20.00, '2026-02-02 15:00:27', '2026-02-02 15:00:27'),
(629, 398, 85, 20.00, '2026-02-02 15:08:38', '2026-02-02 15:08:38'),
(630, 399, 85, 20.00, '2026-02-02 15:09:22', '2026-02-02 15:09:22'),
(631, 400, 85, 20.00, '2026-02-03 09:30:57', '2026-02-03 09:30:57'),
(632, 401, 114, 1.00, '2026-02-03 10:09:22', '2026-02-03 10:09:22'),
(633, 402, 84, 1.00, '2026-02-11 12:17:49', '2026-02-11 12:17:49'),
(634, 403, 1, 2.00, '2026-02-11 12:26:30', '2026-02-11 12:26:30'),
(636, 405, 84, 2.00, '2026-02-11 12:33:47', '2026-02-11 12:33:47'),
(637, 406, 84, 1.00, '2026-02-11 12:34:39', '2026-02-11 12:34:39'),
(638, 407, 213, 2.00, '2026-02-11 17:26:10', '2026-02-11 17:26:10'),
(639, 408, 85, 20.00, '2026-02-16 08:48:25', '2026-02-16 08:48:25'),
(640, 409, 164, 2.00, '2026-02-16 10:28:34', '2026-02-16 10:28:34'),
(641, 410, 194, 2.00, '2026-02-16 13:27:48', '2026-02-16 13:27:48'),
(642, 411, 165, 2.00, '2026-02-17 09:12:35', '2026-02-17 09:12:35'),
(643, 411, 24, 2.00, '2026-02-17 09:12:35', '2026-02-17 09:12:35'),
(644, 412, 84, 1.00, '2026-02-17 12:28:03', '2026-02-17 12:28:03'),
(645, 413, 85, 20.00, '2026-02-17 17:23:14', '2026-02-17 17:23:14'),
(646, 414, 201, 1.00, '2026-02-18 10:03:33', '2026-02-18 10:03:33'),
(647, 415, 163, 1.00, '2026-02-18 10:04:27', '2026-02-18 10:04:27'),
(648, 416, 138, 1.00, '2026-02-18 14:45:05', '2026-02-18 14:45:05'),
(649, 416, 206, 1.00, '2026-02-18 14:45:05', '2026-02-18 14:45:05'),
(650, 417, 85, 10.00, '2026-02-24 17:16:21', '2026-02-24 17:16:21'),
(651, 417, 114, 1.00, '2026-02-24 17:16:21', '2026-02-24 17:16:21'),
(652, 418, 85, 20.00, '2026-02-24 17:17:24', '2026-02-24 17:17:24'),
(653, 419, 85, 10.00, '2026-02-24 17:20:20', '2026-02-24 17:20:20'),
(654, 420, 114, 0.50, '2026-02-24 17:21:57', '2026-02-24 17:21:57'),
(655, 421, 85, 20.00, '2026-02-24 17:23:15', '2026-02-24 17:23:15'),
(656, 422, 217, 1.00, '2026-02-26 13:46:23', '2026-02-26 13:46:23'),
(659, 424, 1, 3.00, '2026-02-26 15:30:44', '2026-02-26 15:30:44'),
(660, 424, 84, 1.00, '2026-02-26 15:30:44', '2026-02-26 15:30:44'),
(661, 425, 84, 1.00, '2026-02-26 16:06:08', '2026-02-26 16:06:08'),
(662, 425, 1, 1.00, '2026-02-26 16:06:08', '2026-02-26 16:06:08'),
(663, 426, 1, 1.00, '2026-02-26 16:17:49', '2026-02-26 16:17:49'),
(664, 427, 102, 1.00, '2026-03-04 11:40:47', '2026-03-04 11:40:47'),
(665, 427, 101, 1.00, '2026-03-04 11:40:47', '2026-03-04 11:40:47'),
(666, 427, 103, 1.00, '2026-03-04 11:40:47', '2026-03-04 11:40:47'),
(667, 427, 104, 1.00, '2026-03-04 11:40:47', '2026-03-04 11:40:47'),
(668, 427, 192, 1.00, '2026-03-04 11:40:47', '2026-03-04 11:40:47'),
(669, 428, 85, 28.00, '2026-03-07 10:45:15', '2026-03-07 10:45:15'),
(670, 429, 85, 11.00, '2026-03-07 10:47:45', '2026-03-07 10:47:45'),
(671, 430, 85, 26.50, '2026-03-09 16:47:31', '2026-03-09 16:47:31'),
(672, 431, 172, 1.00, '2026-03-17 10:52:56', '2026-03-17 10:52:56'),
(673, 432, 85, 24.50, '2026-03-26 12:48:23', '2026-03-26 12:48:23'),
(674, 433, 114, 1.00, '2026-03-27 10:04:37', '2026-03-27 10:04:37'),
(675, 434, 85, 10.00, '2026-03-27 10:09:39', '2026-03-27 10:09:39'),
(676, 434, 114, 1.00, '2026-03-27 10:09:39', '2026-03-27 10:09:39'),
(677, 435, 75, 1.00, '2026-03-30 09:51:13', '2026-03-30 09:51:13'),
(678, 435, 100, 1.00, '2026-03-30 09:51:13', '2026-03-30 09:51:13'),
(679, 436, 84, 1.00, '2026-03-30 10:29:35', '2026-03-30 10:29:35'),
(680, 437, 84, 2.00, '2026-03-30 12:37:47', '2026-03-30 12:37:47'),
(681, 437, 1, 2.00, '2026-03-30 12:37:47', '2026-03-30 12:37:47'),
(682, 438, 84, 1.00, '2026-03-30 16:29:30', '2026-03-30 16:29:30'),
(683, 439, 108, 1.00, '2026-03-30 16:31:50', '2026-03-30 16:31:50'),
(684, 440, 218, 32.00, '2026-03-30 16:45:14', '2026-03-30 16:45:14'),
(685, 441, 1, 2.00, '2026-03-30 16:51:06', '2026-03-30 16:51:06'),
(686, 442, 84, 1.00, '2026-03-30 17:15:07', '2026-03-30 17:15:07'),
(687, 443, 84, 1.00, '2026-04-03 15:27:57', '2026-04-03 15:27:57'),
(688, 444, 85, 20.00, '2026-04-06 09:20:43', '2026-04-06 09:20:43'),
(689, 445, 85, 20.00, '2026-04-06 09:34:48', '2026-04-06 09:34:48'),
(690, 446, 85, 20.00, '2026-04-06 10:26:11', '2026-04-06 10:26:11'),
(691, 447, 1, 2.00, '2026-04-06 13:16:12', '2026-04-06 13:16:12'),
(692, 447, 84, 2.00, '2026-04-06 13:16:12', '2026-04-06 13:16:12'),
(693, 448, 1, 2.00, '2026-04-06 13:16:56', '2026-04-06 13:16:56'),
(694, 449, 84, 1.00, '2026-04-20 10:43:09', '2026-04-20 10:43:09'),
(695, 450, 1, 1.00, '2026-04-21 08:35:51', '2026-04-21 08:35:51'),
(696, 451, 84, 1.00, '2026-04-21 15:40:28', '2026-04-21 15:40:28'),
(697, 452, 219, 1.00, '2026-04-22 16:10:38', '2026-04-22 16:10:38'),
(698, 453, 201, 1.00, '2026-04-22 16:28:14', '2026-04-22 16:28:14'),
(699, 454, 220, 1.00, '2026-04-22 16:58:23', '2026-04-22 16:58:23'),
(700, 454, 221, 1.00, '2026-04-22 16:58:23', '2026-04-22 16:58:23'),
(701, 455, 223, 1.00, '2026-04-23 11:58:36', '2026-04-23 11:58:36'),
(702, 455, 222, 1.00, '2026-04-23 11:58:36', '2026-04-23 11:58:36'),
(703, 455, 108, 1.00, '2026-04-23 11:58:36', '2026-04-23 11:58:36'),
(704, 456, 1, 2.00, '2026-04-28 17:15:10', '2026-04-28 17:15:10'),
(705, 456, 84, 2.00, '2026-04-28 17:15:10', '2026-04-28 17:15:10'),
(706, 457, 114, 1.00, '2026-04-28 17:16:51', '2026-04-28 17:16:51'),
(707, 458, 85, 20.00, '2026-04-28 17:18:35', '2026-04-28 17:18:35'),
(708, 459, 85, 10.00, '2026-04-28 17:19:10', '2026-04-28 17:19:10'),
(709, 460, 85, 20.00, '2026-05-04 12:16:03', '2026-05-04 12:16:03'),
(710, 461, 114, 1.50, '2026-05-04 12:21:45', '2026-05-04 12:21:45'),
(711, 461, 85, 20.00, '2026-05-04 12:21:45', '2026-05-04 12:21:45'),
(712, 462, 114, 2.00, '2026-05-04 12:26:35', '2026-05-04 12:26:35'),
(713, 462, 85, 20.00, '2026-05-04 12:26:35', '2026-05-04 12:26:35'),
(714, 463, 1, 1.00, '2026-05-04 15:24:58', '2026-05-04 15:24:58'),
(716, 465, 1, 1.00, '2026-05-05 12:02:46', '2026-05-05 12:02:46'),
(717, 466, 85, 20.00, '2026-05-05 16:21:52', '2026-05-05 16:21:52'),
(718, 467, 85, 10.00, '2026-05-05 16:22:29', '2026-05-05 16:22:29'),
(719, 468, 1, 1.00, '2026-05-08 10:07:19', '2026-05-08 10:07:19'),
(720, 468, 84, 1.00, '2026-05-08 10:07:19', '2026-05-08 10:07:19');

-- --------------------------------------------------------

--
-- Table structure for table `issue_note_serial_numbers`
--

CREATE TABLE `issue_note_serial_numbers` (
  `id` int(10) UNSIGNED NOT NULL,
  `issue_note_id` int(10) UNSIGNED NOT NULL,
  `issue_note_product_id` int(10) UNSIGNED NOT NULL,
  `product_id` int(10) UNSIGNED NOT NULL,
  `serial_number_id` int(11) NOT NULL,
  `serial_number` varchar(255) NOT NULL,
  `is_active` tinyint(1) NOT NULL DEFAULT 1,
  `created_by` int(11) NOT NULL,
  `updated_by` int(11) NOT NULL,
  `created_at` timestamp NULL DEFAULT NULL,
  `updated_at` timestamp NULL DEFAULT NULL
) ENGINE=InnoDB DEFAULT CHARSET=utf8mb4 COLLATE=utf8mb4_unicode_ci;

--
-- Dumping data for table `issue_note_serial_numbers`
--

INSERT INTO `issue_note_serial_numbers` (`id`, `issue_note_id`, `issue_note_product_id`, `product_id`, `serial_number_id`, `serial_number`, `is_active`, `created_by`, `updated_by`, `created_at`, `updated_at`) VALUES
(1, 392, 623, 76, 1, '254999868', 1, 5, 5, '2026-01-30 17:04:50', '2026-01-30 17:04:50'),
(2, 392, 623, 76, 2, '254999857', 1, 5, 5, '2026-01-30 17:04:50', '2026-01-30 17:04:50'),
(3, 392, 623, 76, 3, '254999894', 1, 5, 5, '2026-01-30 17:04:50', '2026-01-30 17:04:50'),
(4, 392, 623, 76, 4, '254393860', 1, 5, 5, '2026-01-30 17:04:50', '2026-01-30 17:04:50'),
(5, 392, 623, 76, 5, '254999936', 1, 5, 5, '2026-01-30 17:04:50', '2026-01-30 17:04:50'),
(6, 392, 623, 76, 6, '254999858', 1, 5, 5, '2026-01-30 17:04:50', '2026-01-30 17:04:50'),
(7, 392, 623, 76, 7, '254900411', 1, 5, 5, '2026-01-30 17:04:50', '2026-01-30 17:04:50'),
(8, 392, 623, 76, 8, '254900412', 1, 5, 5, '2026-01-30 17:04:50', '2026-01-30 17:04:50'),
(9, 392, 623, 76, 9, '254900409', 1, 5, 5, '2026-01-30 17:04:50', '2026-01-30 17:04:50'),
(10, 392, 623, 76, 10, '254900410', 1, 5, 5, '2026-01-30 17:04:50', '2026-01-30 17:04:50'),
(11, 392, 623, 76, 11, '254999821', 1, 5, 5, '2026-01-30 17:04:50', '2026-01-30 17:04:50'),
(12, 392, 623, 76, 12, '254900415', 1, 5, 5, '2026-01-30 17:04:50', '2026-01-30 17:04:50'),
(13, 392, 623, 76, 13, '254900416', 1, 5, 5, '2026-01-30 17:04:50', '2026-01-30 17:04:50'),
(14, 392, 623, 76, 14, '254999826', 1, 5, 5, '2026-01-30 17:04:50', '2026-01-30 17:04:50'),
(15, 392, 623, 76, 15, '254900413', 1, 5, 5, '2026-01-30 17:04:50', '2026-01-30 17:04:50'),
(16, 392, 623, 76, 16, '254999827', 1, 5, 5, '2026-01-30 17:04:50', '2026-01-30 17:04:50'),
(17, 392, 623, 76, 17, '254999988', 1, 5, 5, '2026-01-30 17:04:50', '2026-01-30 17:04:50'),
(18, 392, 623, 76, 18, '254999838', 1, 5, 5, '2026-01-30 17:04:50', '2026-01-30 17:04:50'),
(19, 392, 623, 76, 19, '254999840', 1, 5, 5, '2026-01-30 17:04:50', '2026-01-30 17:04:50'),
(20, 392, 623, 76, 20, '254999863', 1, 5, 5, '2026-01-30 17:04:50', '2026-01-30 17:04:50');

-- --------------------------------------------------------

--
-- Table structure for table `migrations`
--

CREATE TABLE `migrations` (
  `id` int(10) UNSIGNED NOT NULL,
  `migration` varchar(255) NOT NULL,
  `batch` int(11) NOT NULL
) ENGINE=InnoDB DEFAULT CHARSET=utf8mb4 COLLATE=utf8mb4_unicode_ci;

--
-- Dumping data for table `migrations`
--

INSERT INTO `migrations` (`id`, `migration`, `batch`) VALUES
(385, '2024_04_08_224223_create_issued_grns_table', 1),
(488, '2014_10_11_000000_create_roles_table', 2),
(489, '2014_10_12_000000_create_users_table', 2),
(490, '2014_10_12_100000_create_password_reset_tokens_table', 2),
(491, '2019_08_19_000000_create_failed_jobs_table', 2),
(492, '2019_12_14_000001_create_personal_access_tokens_table', 2),
(493, '2024_03_11_101033_create_suppliers_table', 2),
(494, '2024_03_13_061335_create_products_table', 2),
(495, '2024_03_14_083801_create_purchase_orders_table', 2),
(496, '2024_03_14_142916_create_purchase_order_products_table', 2),
(497, '2024_03_18_040140_create_grns_table', 2),
(498, '2024_03_18_045223_create_grn_products_table', 2),
(499, '2024_03_21_141445_create_grn_serial_numbers_table', 2),
(500, '2024_03_25_070949_create_issue_notes_table', 2),
(501, '2024_03_25_071006_create_issue_note_products_table', 2),
(502, '2024_03_27_072711_create_issue_note_serial_numbers_table', 2),
(503, '2024_04_06_060407_create_permissions_table', 2),
(504, '2024_04_06_082000_create_role_permissions_table', 2),
(505, '2025_09_01_162351_alter_purchase_order_products_quantity_to_decimal', 3),
(506, '2025_09_01_162421_alter_products_stock_quantity_to_decimal', 3),
(507, '2025_09_01_162528_alter_issue_note_products_issued_quantity_to_decimal', 3);

-- --------------------------------------------------------

--
-- Table structure for table `password_reset_tokens`
--

CREATE TABLE `password_reset_tokens` (
  `email` varchar(255) NOT NULL,
  `token` varchar(255) NOT NULL,
  `created_at` timestamp NULL DEFAULT NULL
) ENGINE=InnoDB DEFAULT CHARSET=utf8mb4 COLLATE=utf8mb4_unicode_ci;

-- --------------------------------------------------------

--
-- Table structure for table `permissions`
--

CREATE TABLE `permissions` (
  `id` int(10) UNSIGNED NOT NULL,
  `name` varchar(255) NOT NULL,
  `slug` varchar(255) NOT NULL,
  `description` varchar(255) DEFAULT NULL,
  `group` varchar(255) DEFAULT NULL,
  `is_active` tinyint(1) NOT NULL DEFAULT 1,
  `created_at` timestamp NULL DEFAULT NULL,
  `updated_at` timestamp NULL DEFAULT NULL
) ENGINE=InnoDB DEFAULT CHARSET=utf8mb4 COLLATE=utf8mb4_unicode_ci;

--
-- Dumping data for table `permissions`
--

INSERT INTO `permissions` (`id`, `name`, `slug`, `description`, `group`, `is_active`, `created_at`, `updated_at`) VALUES
(1, 'Dashboard', 'dashboard', 'Access to Dashboard', 'Dashboard', 1, '2024-04-16 15:10:37', '2024-04-16 15:10:37'),
(2, 'Purchase Order', 'purchase_order', 'Access to Purchase Order', 'Purchase', 1, '2024-04-16 15:10:37', '2024-04-16 15:10:37'),
(3, 'Add Purchase Order', 'add_purchase_order', 'Permission to add Purchase Order', 'Purchase', 1, '2024-04-16 15:10:37', '2024-04-16 15:10:37'),
(4, 'Edit Purchase Order', 'edit_purchase_order', 'Permission to edit Purchase Order', 'Purchase', 1, '2024-04-16 15:10:37', '2024-04-16 15:10:37'),
(5, 'Delete Purchase Order', 'delete_purchase_order', 'Permission to delete Purchase Order', 'Purchase', 1, '2024-04-16 15:10:37', '2024-04-16 15:10:37'),
(6, 'Purchase Order List', 'purchase_order_list', 'Permission to view Purchase Order List', 'Purchase', 1, '2024-04-16 15:10:37', '2024-04-16 15:10:37'),
(7, 'GRN', 'grn', 'Access to GRN', 'GRN', 1, '2024-04-16 15:10:37', '2024-04-16 15:10:37'),
(8, 'Add GRN', 'add_grn', 'Permission to add GRN', 'GRN', 1, '2024-04-16 15:10:37', '2024-04-16 15:10:37'),
(9, 'GRN List', 'grn_list', 'Permission to view GRN List', 'GRN', 1, '2024-04-16 15:10:37', '2024-04-16 15:10:37'),
(10, 'Delete GRN', 'delete_grn', 'Permission to delete GRN', 'GRN', 1, '2024-04-16 15:10:37', '2024-04-16 15:10:37'),
(11, 'Issue Note', 'issue_note', 'Access to Issue Note', 'Issue Note', 1, '2024-04-16 15:10:37', '2024-04-16 15:10:37'),
(12, 'Add Issue Note', 'add_issue_note', 'Permission to add Issue Note', 'Issue Note', 1, '2024-04-16 15:10:37', '2024-04-16 15:10:37'),
(13, 'Edit Issue Note', 'edit_issue_note', 'Permission to edit Issue Note', 'Issue Note', 1, '2024-04-16 15:10:37', '2024-04-16 15:10:37'),
(14, 'Delete Issue Note', 'delete_issue_note', 'Permission to delete Issue Note', 'Issue Note', 1, '2024-04-16 15:10:37', '2024-04-16 15:10:37'),
(15, 'Issue Note List', 'issue_note_list', 'Permission to view Issue Note List', 'Issue Note', 1, '2024-04-16 15:10:37', '2024-04-16 15:10:37'),
(16, 'Stock', 'stock', 'Access to Stock', 'Stock', 1, '2024-04-16 15:10:37', '2024-04-16 15:10:37'),
(17, 'Products', 'products', 'Access to Products', 'Products', 1, '2024-04-16 15:10:37', '2024-04-16 15:10:37'),
(18, 'Supplier', 'supplier', 'Access to Supplier', 'Supplier', 1, '2024-04-16 15:10:37', '2024-04-16 15:10:37'),
(19, 'Users', 'users', 'Access to Users', 'Users', 1, '2024-04-16 15:10:37', '2024-04-16 15:10:37');

-- --------------------------------------------------------

--
-- Table structure for table `personal_access_tokens`
--

CREATE TABLE `personal_access_tokens` (
  `id` bigint(20) UNSIGNED NOT NULL,
  `tokenable_type` varchar(255) NOT NULL,
  `tokenable_id` bigint(20) UNSIGNED NOT NULL,
  `name` varchar(255) NOT NULL,
  `token` varchar(64) NOT NULL,
  `abilities` text DEFAULT NULL,
  `last_used_at` timestamp NULL DEFAULT NULL,
  `expires_at` timestamp NULL DEFAULT NULL,
  `created_at` timestamp NULL DEFAULT NULL,
  `updated_at` timestamp NULL DEFAULT NULL
) ENGINE=InnoDB DEFAULT CHARSET=utf8mb4 COLLATE=utf8mb4_unicode_ci;

-- --------------------------------------------------------

--
-- Table structure for table `products`
--

CREATE TABLE `products` (
  `id` int(10) UNSIGNED NOT NULL,
  `product_code` varchar(255) NOT NULL,
  `product_name` varchar(255) NOT NULL,
  `description` text DEFAULT NULL,
  `stock_quantity` decimal(10,2) NOT NULL DEFAULT 0.00,
  `unit_price` decimal(10,2) NOT NULL DEFAULT 0.00,
  `unit_of_measurement` varchar(255) NOT NULL,
  `image_file` varchar(255) DEFAULT NULL,
  `serial_number` varchar(255) DEFAULT NULL,
  `created_by` int(11) NOT NULL,
  `updated_by` int(11) NOT NULL,
  `created_at` timestamp NULL DEFAULT NULL,
  `updated_at` timestamp NULL DEFAULT NULL
) ENGINE=InnoDB DEFAULT CHARSET=utf8mb4 COLLATE=utf8mb4_unicode_ci;

--
-- Dumping data for table `products`
--

INSERT INTO `products` (`id`, `product_code`, `product_name`, `description`, `stock_quantity`, `unit_price`, `unit_of_measurement`, `image_file`, `serial_number`, `created_by`, `updated_by`, `created_at`, `updated_at`) VALUES
(1, '1000 x 20', 'FLAP', NULL, 1.00, 0.00, 'pieces', NULL, '0', 1, 5, '2024-04-17 14:29:22', '2026-05-08 10:07:19'),
(2, '278618139902', '2516 - TATA Oil Filter', NULL, 0.00, 0.00, 'units', NULL, '0', 1, 1, '2024-04-17 14:51:57', '2024-08-24 09:42:26'),
(3, '278607989916', '2516 - TATA Water Separator', NULL, 1.00, 0.00, 'units', NULL, '0', 1, 1, '2024-04-17 14:53:46', '2025-04-25 15:42:13'),
(4, '278609119904', '2516 - TATA Fuel Filter', NULL, 1.00, 0.00, 'units', NULL, '0', 1, 1, '2024-04-17 14:56:24', '2025-04-21 12:25:17'),
(5, '252718130145', '4018 - TATA Oil Filter', NULL, 9.00, 0.00, 'units', NULL, '0', 1, 5, '2024-04-17 14:58:19', '2026-01-14 13:23:12'),
(6, '278607989967', '4018 - TATA Fuel Filter', NULL, 7.00, 0.00, 'units', NULL, '0', 1, 5, '2024-04-17 15:00:38', '2026-01-14 13:23:12'),
(7, '278609119909', '4018- TATA Water Separator', NULL, 7.00, 0.00, 'units', NULL, '0', 1, 5, '2024-04-17 15:01:31', '2026-01-14 13:23:12'),
(8, '264143700127', 'REPAIR KIT - DRYING/DIS.UNI', NULL, 0.00, 0.00, 'pieces', NULL, '0', 1, 1, '2024-05-03 16:37:41', '2024-05-03 17:40:44'),
(9, 'UJ/013', 'NDSON STEERING U.J CROSS ASSY.', NULL, 1.00, 0.00, 'pieces', NULL, '0', 1, 1, '2024-05-03 16:38:55', '2025-04-21 12:25:17'),
(10, 'WIPER 01', 'WIPER WHEEL', NULL, 0.00, 0.00, 'units', NULL, '0', 1, 1, '2024-05-03 16:39:51', '2024-05-03 17:40:44'),
(11, 'R/KIT', 'WABCO UNLOADER VALVE REPAIR KIT', NULL, 0.00, 0.00, 'pieces', NULL, '0', 1, 1, '2024-05-03 16:41:04', '2024-05-03 17:40:44'),
(12, '300003084', 'REPAIR KIT', NULL, 0.00, 0.00, 'units', NULL, '0', 1, 1, '2024-05-03 16:42:49', '2024-05-03 17:40:44'),
(13, 'NFC-326', 'SAKURA FILTER', NULL, 1.00, 0.00, 'pieces', NULL, '0', 1, 1, '2024-05-03 16:43:41', '2025-04-21 12:44:29'),
(14, 'FC-332', 'SAKURA - FUEL FILTER', NULL, 1.00, 0.00, 'units', NULL, '0', 1, 1, '2024-05-03 16:44:56', '2025-04-21 12:44:29'),
(15, 'DM LFC 99123', 'DIMO DIESEL FILTER INSERT', NULL, 1.00, 0.00, 'units', NULL, '0', 1, 1, '2024-05-03 16:45:45', '2025-04-21 12:44:29'),
(16, '1.90CM X 9.14M X 0.125MM', 'KELANI INSULATION TAPE', NULL, 0.00, 0.00, 'pieces', NULL, '0', 1, 1, '2024-05-03 16:46:53', '2024-08-24 10:16:21'),
(17, 'D 4048', 'FBK BRAKE PADS', NULL, 0.00, 0.00, 'sets', NULL, '0', 1, 1, '2024-05-03 16:47:51', '2024-05-03 17:40:44'),
(18, '9951030094-8F8', 'BOSCH STOP & TAIL LAMP 12V / 21W', NULL, 0.00, 0.00, 'pieces', NULL, '0', 1, 1, '2024-05-03 16:49:47', '2024-08-24 10:22:03'),
(19, 'SP 2846L / SP 2847L', '4 CHAMBER LED TAIL LAMP SET', NULL, 0.00, 0.00, 'units', NULL, '0', 1, 1, '2024-05-03 16:51:23', '2024-08-24 09:44:59'),
(20, '24V DOUBLE FILAMENT', 'ASIA 24V DOUBLE FILAMENT BULB', NULL, 0.00, 0.00, 'pieces', NULL, '0', 1, 1, '2024-05-03 17:01:10', '2024-08-24 10:27:18'),
(21, '24V SINGLE FILAMENT', 'ASIA 24 SINGLE FILAMENT BULUB', NULL, 0.00, 0.00, 'pieces', NULL, '0', 1, 1, '2024-05-03 17:03:05', '2024-08-24 09:22:07'),
(22, '24V PARKING', 'ASIA 24V PARKING BULB', NULL, 0.00, 0.00, 'pieces', NULL, '0', 1, 5, '2024-05-03 17:03:46', '2026-02-02 14:55:07'),
(23, '12 V PARKING', 'ASIA 12V PARKING BULB', NULL, 6.00, 0.00, 'pieces', NULL, '0', 1, 5, '2024-05-03 17:06:02', '2025-11-19 17:17:07'),
(24, '2516/12V SINGLE FILAMENT', '12V SINGLE FILAMENT BULB (SIGNEL LIGHT)', NULL, 2.00, 0.00, 'pieces', NULL, '0', 5, 5, '2024-05-03 17:07:22', '2026-02-17 09:12:35'),
(25, '12V 5W BULB', 'ASIA 12V 5W BULB', NULL, 0.00, 0.00, 'pieces', NULL, '0', 1, 1, '2024-05-03 17:08:50', '2024-08-24 10:33:31'),
(26, 'H4 12V', 'H4 12V BULB', NULL, 0.00, 0.00, 'pieces', NULL, '0', 1, 1, '2024-05-03 17:10:24', '2024-08-24 10:33:31'),
(27, 'TURN LAMP', 'KAIER 24V TURN BULB', NULL, 0.00, 0.00, 'pieces', NULL, '0', 1, 1, '2024-05-03 17:11:30', '2024-08-24 09:26:29'),
(28, 'TAR SHEET', 'NO LEAK TAR SHEET', NULL, 0.00, 0.00, 'pieces', NULL, '0', 1, 1, '2024-05-03 17:13:03', '2024-05-03 18:00:40'),
(29, '24V 3W BULB', 'ASIA 24V 3W BULB', NULL, 2.00, 0.00, 'pieces', NULL, '0', 1, 5, '2024-05-03 17:14:16', '2025-10-03 14:09:51'),
(30, 'H3', 'H3 24V BULB', NULL, 5.00, 0.00, 'pieces', NULL, '0', 1, 5, '2024-05-03 17:18:49', '2025-09-12 12:07:03'),
(31, '24V 5W', '24V 5W BULB', NULL, 20.00, 0.00, 'pieces', NULL, '0', 1, 1, '2024-05-03 17:19:38', '2025-11-03 10:53:01'),
(32, 'H4 24V', 'H4 24V BULB', NULL, 0.00, 0.00, 'pieces', NULL, '0', 1, 1, '2024-05-03 17:26:20', '2024-08-20 11:14:10'),
(33, 'IL/66/67', 'NICO-HQ BREAK LINING', NULL, 0.00, 0.00, 'sets', NULL, '0', 1, 5, '2024-05-03 17:44:09', '2025-08-01 17:10:37'),
(34, 'B.TERMINAL', 'BATTERY TERMINAL', NULL, 3.00, 0.00, 'pieces', NULL, '0', 1, 5, '2024-05-03 17:45:26', '2025-12-08 17:15:08'),
(35, 'LINER PIN', 'BREAK LINER PINS', NULL, 0.00, 0.00, 'pieces', NULL, '0', 1, 5, '2024-05-03 17:47:07', '2025-07-12 11:52:10'),
(36, '30AMH L', '30AMH FUES LARGE', NULL, 0.00, 0.00, 'pieces', NULL, '0', 1, 1, '2024-05-03 17:48:50', '2024-08-24 10:40:24'),
(37, '25AMH L', '25AMH FUSE L', NULL, 0.00, 0.00, 'pieces', NULL, '0', 1, 1, '2024-05-03 17:49:31', '2024-08-24 10:40:24'),
(38, 'FUSE HOLDER', 'FUSE HOLDER LARGE', NULL, 5.00, 0.00, 'pieces', NULL, '0', 1, 5, '2024-05-03 17:50:14', '2025-09-19 15:02:00'),
(39, 'CONNE:AIR HOSE', 'AIR HOSE CONNECTORS', NULL, 0.00, 0.00, 'pieces', NULL, '0', 1, 5, '2024-05-03 17:51:07', '2025-08-01 16:52:00'),
(40, '25AMH S', '25AMH FUSE SMALL', NULL, 6.00, 0.00, 'pieces', NULL, '0', 1, 1, '2024-05-03 17:51:51', '2025-04-21 12:25:17'),
(41, '10AMH S', '10AMH FUSE SMALL', NULL, 8.00, 0.00, 'pieces', NULL, '0', 1, 5, '2024-05-03 17:52:16', '2025-09-30 15:37:54'),
(42, '30AMH S', '30AMH FUSE SMALL', NULL, 9.00, 0.00, 'pieces', NULL, '0', 1, 1, '2024-05-03 17:52:43', '2025-04-21 12:25:17'),
(43, '20AMH S', '20AMH FUSE SMALL', NULL, 9.00, 0.00, 'pieces', NULL, '0', 1, 5, '2024-05-03 17:53:07', '2025-09-30 15:37:54'),
(44, '15AMH S', '15AMH FUSE SMALL', NULL, 1.00, 0.00, 'pieces', NULL, '0', 1, 5, '2024-05-03 17:53:41', '2025-09-30 15:37:54'),
(45, 'SHEET COVER', 'SHEET COVER LORRY', NULL, 0.00, 0.00, 'pieces', NULL, '0', 1, 1, '2024-05-03 18:02:08', '2024-05-03 18:08:24'),
(46, 'YELLOW HOSE', 'AIR HOSE YELLOW', NULL, 0.00, 0.00, 'pieces', NULL, '0', 1, 1, '2024-05-03 18:03:00', '2024-05-03 18:08:24'),
(47, '266835605301', 'HUB GASKET', NULL, 1.00, 0.00, 'pieces', NULL, '0', 1, 1, '2024-05-03 18:04:28', '2025-04-21 12:25:17'),
(48, '885633350047', 'HUB OIL SEAL', NULL, 0.00, 0.00, 'pieces', NULL, '0', 1, 1, '2024-05-03 18:05:13', '2024-05-03 18:08:24'),
(49, '266835607701', 'HUB OIL SEAL', NULL, 0.00, 0.00, 'pieces', NULL, '0', 1, 1, '2024-05-03 18:05:52', '2024-05-03 18:08:24'),
(50, '9 SIZE', 'SAFTY SHOES SIZE 9', NULL, 0.00, 0.00, 'sets', NULL, '0', 1, 1, '2024-05-03 18:09:43', '2024-05-03 18:25:19'),
(51, '8 SIZE', 'SAFTY SHOES SIZE 8', NULL, 0.00, 0.00, 'sets', NULL, '0', 1, 1, '2024-05-03 18:10:14', '2024-05-03 18:25:19'),
(52, 'HELMET Y', 'SAFTY HELMET YELLOW', NULL, 0.00, 0.00, 'pieces', NULL, '0', 1, 1, '2024-05-03 18:12:43', '2024-05-03 18:22:59'),
(53, 'HELMET G', 'SAFTY HELMET GREEN', NULL, 0.00, 0.00, 'pieces', NULL, '0', 1, 1, '2024-05-03 18:13:13', '2024-05-03 18:13:13'),
(54, 'HELMET W', 'SAFTY HELMET WHITE', NULL, 0.00, 0.00, 'pieces', NULL, '0', 1, 1, '2024-05-03 18:13:51', '2024-05-03 18:13:51'),
(55, 'HELMET R', 'SAFTY HELMET RED', NULL, 0.00, 0.00, 'pieces', NULL, '0', 1, 1, '2024-05-03 18:14:26', '2024-05-03 18:22:59'),
(56, 'HELMET O', 'SAFTY HELMET ORANGE', NULL, 0.00, 0.00, 'pieces', NULL, '0', 1, 1, '2024-05-03 18:15:00', '2024-05-03 18:22:59'),
(57, 'SAFTY JACKET O', 'SAFTY JACKET ORANGE', NULL, 0.00, 0.00, 'pieces', NULL, '0', 1, 1, '2024-05-03 18:15:58', '2024-05-03 18:22:59'),
(58, 'SAFTY JACKET Y', 'SAFTY JACKET YELLOW', NULL, 0.00, 0.00, 'pieces', NULL, '0', 1, 1, '2024-05-03 18:16:28', '2024-05-03 18:22:59'),
(59, 'SAFTY Vest Jacket Green', 'SAFTY Vest Jacket Green', NULL, 0.00, 0.00, 'pieces', NULL, '0', 1, 1, '2024-05-03 18:18:08', '2024-05-03 18:18:08'),
(60, '70481', 'C COUPLING FEMALE', NULL, 0.00, 0.00, 'units', NULL, '0', 1, 1, '2024-05-09 14:30:23', '2024-07-17 10:11:00'),
(61, '70478', 'C COUPLING MALE', NULL, 0.00, 0.00, 'units', NULL, '0', 1, 5, '2024-05-09 14:31:19', '2025-03-28 12:17:22'),
(62, 'BALL COCK', 'BALL COCK VALVE', NULL, 10.00, 0.00, 'units', NULL, '0', 1, 5, '2024-05-09 14:50:15', '2025-09-23 12:15:16'),
(63, 'R/NI', 'REDUCER NIPPLE', NULL, 0.00, 0.00, 'units', NULL, '0', 1, 1, '2024-05-09 16:43:50', '2024-05-09 16:57:52'),
(64, 'TH/SEAL', 'THREAD SEAL', NULL, 0.00, 0.00, 'pieces', NULL, '0', 1, 5, '2024-05-09 16:45:26', '2025-12-29 17:01:20'),
(65, 'B/N/C', 'BARREL NIPPLE CHROME', NULL, 0.00, 0.00, 'units', NULL, '0', 1, 1, '2024-05-09 16:46:08', '2024-05-09 16:57:52'),
(66, '264129100117', 'CLUTCH MASTER CYL (19.05DIA)', NULL, 0.00, 0.00, 'units', NULL, '0', 1, 1, '2024-05-14 17:20:06', '2024-05-14 17:27:04'),
(67, 'W.BLADE', '22 INCH WIPER BLADE', NULL, 0.00, 0.00, 'pieces', NULL, '0', 1, 5, '2024-05-30 16:10:44', '2026-01-08 09:57:44'),
(68, '278243700107', 'MAJOR KIT - CLUTCH BOOSTER ASSY(REPAIR KIT - D- TREADLE VALVE)', NULL, 0.00, 0.00, 'units', NULL, '0', 1, 5, '2024-05-30 16:37:39', '2025-10-20 17:04:48'),
(69, 'HEAD LAMP 12V (LP)', 'NF_PIN TYPE HEAD LAMP 12 V', NULL, 0.00, 0.00, 'units', NULL, '0', 1, 1, '2024-06-05 11:55:27', '2024-06-05 12:00:55'),
(70, 'BTT4F', 'TATA CHAMBER ASSY TAIL LIGHT', NULL, 0.00, 0.00, 'units', NULL, '0', 1, 1, '2024-06-07 10:50:02', '2024-06-07 10:52:59'),
(71, 'SMS3006', 'SLACK ADJUSTER - RIGHT', NULL, 0.00, 0.00, 'units', NULL, '0', 1, 1, '2024-06-18 13:50:49', '2024-06-18 13:56:16'),
(72, 'SMS3007', 'SLACK ADJUSTER - LEFT', NULL, 0.00, 0.00, 'units', NULL, '0', 1, 1, '2024-06-18 13:51:19', '2024-06-18 13:56:16'),
(73, 'TE257342100160', 'SLACK ADJUSTER -MIDDLE', NULL, 0.00, 0.00, 'units', NULL, '0', 1, 1, '2024-06-18 13:52:17', '2024-06-18 13:56:16'),
(74, 'SP24B', 'WIPPER BLADE 24 BOLT TYPE', NULL, 0.00, 0.00, 'units', NULL, '0', 1, 1, '2024-06-19 12:53:01', '2024-06-27 11:11:17'),
(75, 'WPTB24', 'WIPPER BLADE 24 BOLT TYPE', NULL, 0.00, 0.00, 'units', NULL, '0', 5, 5, '2024-06-19 12:53:42', '2026-03-30 09:51:13'),
(76, '1000X20', 'TYRE', NULL, 0.00, 0.00, 'pieces', NULL, '1', 1, 5, '2024-06-25 14:27:41', '2026-01-30 17:04:50'),
(77, 'TE269126257808', 'OIL SEAL', NULL, 0.00, 0.00, 'pieces', NULL, '0', 1, 1, '2024-07-17 09:27:45', '2024-07-17 09:38:54'),
(78, 'TD886725000001', 'CLUTCH RELEASE BRG ( 352 DIA )', NULL, 0.00, 0.00, 'pieces', NULL, '0', 1, 1, '2024-07-17 09:29:05', '2024-07-17 09:38:54'),
(79, '9AB42.5G', 'SILASTIC GASKET MAKWR 999', NULL, 0.00, 0.00, 'pieces', NULL, '0', 1, 1, '2024-07-17 09:30:19', '2024-07-17 09:38:54'),
(80, 'R2FV-DS', 'AIR HORN ASSY', NULL, 0.00, 0.00, 'units', NULL, '0', 1, 5, '2024-07-17 09:58:55', '2025-10-20 17:24:35'),
(81, 'SH002BC24V', 'FOG LIGHT BLACK CLEAR 24 V PLASTIC', NULL, 0.00, 0.00, 'units', NULL, '0', 1, 1, '2024-07-17 10:00:57', '2024-07-17 10:04:23'),
(82, '278609999920', '2516 - FUEL STRAINER BS1/2/3', NULL, 2.00, 0.00, 'pieces', NULL, '0', 1, 5, '2024-08-24 10:46:27', '2026-01-08 09:56:31'),
(83, '700 X16 MAXXIS 12 PR RADIAL TYRE', 'TYRE', NULL, 0.00, 0.00, 'units', NULL, '0', 1, 1, '2025-01-15 10:10:20', '2025-01-15 10:10:20'),
(84, '1000 x 20.', 'TUBE', NULL, 13.00, 0.00, 'pieces', NULL, '0', 1, 5, '2025-01-27 10:59:09', '2026-05-08 10:07:19'),
(85, 'ADBLUE*1', 'ADBLUE', NULL, 70.00, 0.00, 'l', NULL, '0', 5, 5, '2025-03-26 10:45:42', '2026-05-05 16:22:29'),
(86, '885418032516', '2516 - TATA FILTOR SET PROMOTION PACK', NULL, 0.00, 0.00, 'sets', NULL, '0', 1, 5, '2025-04-21 12:29:28', '2026-01-06 12:05:45'),
(87, '252550106305', 'T7 - RECOVERY TANK', NULL, 0.00, 0.00, 'units', NULL, '0', 1, 1, '2025-04-21 12:30:15', '2025-10-31 12:44:22'),
(88, 'B/T CLIP', 'BATTERY TERMINAL CLIP', NULL, 3.00, 0.00, 'units', NULL, '0', 1, 1, '2025-04-21 12:31:07', '2025-04-21 12:44:29'),
(89, 'D/B LINER', 'DISCK BREAK LINER', NULL, 0.00, 0.00, 'sets', NULL, '0', 1, 5, '2025-04-21 12:31:43', '2025-07-12 11:52:10'),
(90, 'MEIMSASL18-29P', 'T-7 MANUEL SLACK ADJESTER', NULL, 0.00, 0.00, 'units', NULL, '0', 1, 5, '2025-04-21 12:45:26', '2025-09-18 12:10:49'),
(91, 'GB-60 C/F', 'CLUTCH FINGERS', NULL, 1.00, 0.00, 'sets', NULL, '0', 1, 1, '2025-04-21 12:46:09', '2025-04-21 12:50:29'),
(92, 'GB-60 P/S', 'PRESSURE SPRING', NULL, 1.00, 0.00, 'sets', NULL, '0', 1, 1, '2025-04-21 12:46:54', '2025-04-21 12:50:29'),
(93, '207830200104', 'PULL CABLE ENGINE STOP', NULL, 0.00, 0.00, 'units', NULL, '0', 5, 5, '2025-05-02 10:28:28', '2025-11-25 14:34:46'),
(94, 'VXL-416', 'TIE ROD END', NULL, 0.00, 0.00, 'units', NULL, '0', 5, 5, '2025-05-08 13:18:54', '2025-05-08 15:10:09'),
(95, '29067016', 'GENUINE BRAKE PARTS', NULL, 0.00, 0.00, 'units', NULL, '0', 5, 5, '2025-05-08 13:21:15', '2025-05-08 15:10:09'),
(96, 'VXL 462ST', 'GEAR SHIFT END', NULL, 0.00, 0.00, 'units', NULL, '0', 5, 5, '2025-05-08 13:33:11', '2025-05-08 15:10:09'),
(97, 'NSN-357', 'HOUSING BLOCK ASSEMBLY', NULL, 0.00, 0.00, 'units', NULL, '0', 5, 5, '2025-05-08 13:35:57', '2025-05-08 15:10:09'),
(98, 'VXL-439ST', 'GEAR SHIFT END', NULL, 0.00, 0.00, 'units', NULL, '0', 5, 5, '2025-05-08 14:23:06', '2025-05-08 15:10:09'),
(99, '29068118', 'GENUINE BRAKE PARTS', NULL, 0.00, 0.00, 'units', NULL, '0', 5, 5, '2025-05-08 14:26:53', '2025-05-08 15:10:09'),
(100, 'WPTBA24', 'WIPPER BLADE 24', NULL, 0.00, 0.00, 'units', NULL, '0', 5, 5, '2025-05-08 14:38:21', '2026-03-30 09:51:13'),
(101, 'TE886325010002', '352DIA.CL.COVER ASSY', NULL, 0.00, 0.00, 'units', NULL, '0', 5, 5, '2025-05-09 11:26:31', '2026-03-04 11:40:47'),
(102, 'TE886325010001', 'CLUTCH PLATE TATA', NULL, 0.00, 0.00, 'units', NULL, '0', 5, 5, '2025-05-09 11:31:48', '2026-03-04 11:40:47'),
(103, 'TD886703000026', 'FLY WHEEL ASSY', NULL, 0.00, 0.00, 'units', NULL, '0', 5, 5, '2025-05-09 11:32:50', '2026-03-04 11:40:47'),
(104, '6305', 'FLY WHEEL BEARING', NULL, 0.00, 0.00, 'units', NULL, '0', 5, 5, '2025-05-09 11:33:50', '2026-03-04 11:40:47'),
(105, 'G.V.C.001', 'GASKET VALVE COVER', NULL, 1.00, 0.00, 'units', NULL, '0', 5, 5, '2025-05-15 14:26:18', '2025-07-14 09:22:09'),
(106, 'G.C.H.001', 'GASKET CYLINDER HEAD STD', NULL, 0.00, 0.00, 'units', NULL, '0', 5, 5, '2025-05-15 14:28:11', '2025-05-15 15:46:54'),
(107, 'G.M.CNC.001', 'GASKET MANIFOLD.CNC', NULL, 0.00, 0.00, 'units', NULL, '0', 5, 5, '2025-05-15 14:29:56', '2025-05-15 15:46:54'),
(108, 'B.V.R.001', 'BELT V RIBBED', NULL, 0.00, 0.00, 'units', NULL, '0', 5, 5, '2025-05-15 14:31:04', '2026-04-23 11:58:36'),
(109, '0994261N', 'NBC BEARING CR-4576SC', NULL, 0.00, 0.00, 'units', NULL, '0', 5, 5, '2025-05-15 14:41:19', '2025-05-15 15:50:57'),
(110, 'C023L1212R', 'TATA GB75 COLLECTOR RING', NULL, 0.00, 0.00, 'units', NULL, '0', 5, 5, '2025-05-15 14:46:53', '2025-05-15 15:50:57'),
(111, 'TE886325010015/27', 'PRESSURE PLATE ASSY 380 DTA GB 75', NULL, 0.00, 0.00, 'units', NULL, '0', 5, 5, '2025-05-15 14:49:02', '2025-05-15 15:50:57'),
(112, 'TD886703000034', 'FLY WHEEL ASSY GB-75', NULL, 0.00, 0.00, 'units', NULL, '0', 5, 5, '2025-05-15 14:56:19', '2025-05-15 15:50:57'),
(113, 'TE886325010019/27', 'CLUTCH PLATE TATA GB 75', NULL, 0.00, 0.00, 'units', NULL, '0', 5, 5, '2025-05-15 15:02:45', '2025-05-15 15:50:57'),
(114, '049887BB', 'COOLANT', NULL, 9.75, 0.00, 'l', NULL, '0', 5, 5, '2025-05-27 14:13:39', '2026-05-04 12:26:35'),
(115, '052934ab', 'TKK OIL SEAL', NULL, 0.00, 0.00, 'units', NULL, '0', 5, 5, '2025-05-29 09:48:11', '2025-05-29 12:16:27'),
(116, '069456BB', 'SINOPEC GREASE', NULL, 0.00, 0.00, 'g', NULL, '0', 5, 5, '2025-05-29 09:55:30', '2025-05-29 12:16:27'),
(117, '005853AB', 'SELKEN WEEL CYLINDER WASHERS SC', NULL, 0.00, 0.00, 'units', NULL, '0', 5, 5, '2025-05-29 09:58:13', '2025-05-29 12:16:27'),
(118, '005850AB', 'SEIKEN WHEEL CYLINDER WASHERS SC', NULL, 0.00, 0.00, 'units', NULL, '0', 5, 5, '2025-05-29 10:00:57', '2025-05-29 12:16:27'),
(119, '067762AB', 'NTN BEARING', NULL, 0.00, 0.00, 'units', NULL, '0', 5, 5, '2025-05-29 10:02:45', '2025-05-29 12:16:27'),
(120, '020604AB', 'KOYO BALL BEARING 32207JR', NULL, 0.00, 0.00, 'units', NULL, '0', 5, 5, '2025-05-29 10:05:02', '2025-05-29 12:16:27'),
(121, '011499BB', 'LOCHEED BRAKE FLUID DOT', NULL, 0.00, 0.00, 'l', NULL, '0', 5, 5, '2025-05-29 10:07:16', '2025-05-29 12:16:27'),
(122, '102637BB', 'CLUTCH OPER.CYLINDER ASSEEMBLY NB SR-G702', NULL, 0.00, 0.00, 'units', NULL, '0', 5, 5, '2025-05-29 10:09:31', '2025-05-29 12:16:27'),
(123, '10 KIT', 'KIT FUEL PRE-FIL TER ELEMENT', NULL, 0.00, 0.00, 'units', NULL, '0', 5, 5, '2025-06-03 11:51:54', '2025-06-03 12:04:16'),
(124, '20 ASSY', 'ASSY FUEL FILTER', NULL, 0.00, 0.00, 'units', NULL, '0', 5, 5, '2025-06-03 11:53:05', '2025-06-03 12:04:16'),
(125, '7958', 'POWER OIL', NULL, 0.00, 0.00, 'l', NULL, '0', 5, 5, '2025-06-03 17:35:08', '2025-07-09 15:09:28'),
(126, 'ET110-16', 'CABLE 7 CORE', NULL, 0.00, 0.00, 'pieces', NULL, '0', 5, 5, '2025-06-05 13:45:13', '2025-07-02 14:55:00'),
(127, '10 PIANO', '10 PIANO KEY SWITCH', NULL, 0.00, 0.00, 'units', NULL, '0', 5, 5, '2025-06-13 16:12:25', '2025-06-13 16:17:47'),
(128, '6896NSN-357', 'GEAR CROSS ASSY LEYAND/TATA', NULL, 0.00, 0.00, 'units', NULL, '0', 5, 5, '2025-06-30 10:53:03', '2025-06-30 11:24:55'),
(129, '3726WMI-1011R', 'GEAR SHIFTER END', NULL, 0.00, 0.00, 'units', NULL, '0', 5, 5, '2025-06-30 10:54:12', '2025-09-30 15:28:30'),
(130, '7896WMI-1013L', 'GEAR SHAFT END LH 609/709', NULL, 0.00, 0.00, 'units', NULL, '0', 5, 5, '2025-06-30 10:56:00', '2025-09-30 15:28:30'),
(131, '7820WMI-1014R', 'GEAR SHAFT END RH 609/709', NULL, 0.00, 0.00, 'units', NULL, '0', 5, 5, '2025-06-30 10:57:26', '2025-09-30 15:28:30'),
(132, '67871109-SQ', 'SQUARE SIDE MIRROR', NULL, 0.00, 0.00, 'units', NULL, '0', 5, 5, '2025-06-30 10:58:53', '2025-06-30 11:24:55'),
(133, 'KK-53-9110', 'COMBO LAMP LED LEYLAND', NULL, 0.00, 0.00, 'units', NULL, '0', 5, 5, '2025-07-04 14:29:36', '2025-08-01 16:44:31'),
(134, '4432 BLNPLLED', 'NUMBER PLATE LIGHT LED', NULL, 0.00, 0.00, 'units', NULL, '0', 5, 5, '2025-07-04 14:34:03', '2025-08-01 16:44:31'),
(135, '7457 TAPE BLAK', 'TAPE ROLL BLACK', NULL, 0.00, 0.00, 'units', NULL, '0', 5, 5, '2025-07-04 14:35:33', '2025-10-20 17:24:35'),
(136, '44903.6/300MM', 'CABLE TIE', NULL, 100.00, 0.00, 'units', NULL, '0', 5, 5, '2025-07-04 14:38:01', '2025-09-23 12:17:36'),
(137, '8496B709CLA', 'CABIN LIGHT ASSY', NULL, 0.00, 0.00, 'units', NULL, '0', 5, 5, '2025-07-04 14:39:25', '2025-08-01 16:44:31'),
(138, 'TE275126807702', 'REXENE BELLOW', NULL, 0.00, 0.00, 'pieces', NULL, '0', 5, 5, '2025-07-22 12:09:13', '2026-02-18 14:45:05'),
(139, '10.BRK', '10 BRK LNG SET STD RR W/RVT 410X1', NULL, 0.00, 0.00, 'units', NULL, '0', 5, 5, '2025-07-30 10:31:58', '2025-09-01 15:26:24'),
(140, 'DIA BS1/2/3/4 B', 'ASSY CLUTCH BOOSTER', NULL, 0.00, 0.00, 'units', NULL, '0', 5, 5, '2025-08-04 11:28:17', '2025-08-04 12:16:12'),
(141, '03675OIN', 'WABCO DIAPHRAGM ADJESTER', NULL, 0.00, 0.00, 'pieces', NULL, '0', 5, 5, '2025-08-04 12:48:57', '2025-08-19 13:13:58'),
(142, 'T/7', 'MAJOR KIT-CLUTCH BOOSTER ASSY', NULL, 0.00, 0.00, 'sets', NULL, '0', 5, 5, '2025-08-06 12:00:15', '2025-08-06 12:35:56'),
(143, 'TE263241300106', 'ASSY CENTER BEARING BRACKET', NULL, 0.00, 0.00, 'units', NULL, '0', 5, 5, '2025-08-07 13:11:38', '2025-08-07 14:01:49'),
(144, 'GX151-0325', 'U.J CROSS TATA 1618 48', NULL, 0.00, 0.00, 'units', NULL, '0', 5, 5, '2025-08-07 13:15:50', '2025-09-26 15:41:03'),
(145, 'CWP SET 41/6', 'CWP SET 41/6 (440MM)RA109RR OE', NULL, 0.00, 0.00, 'units', NULL, '0', 5, 5, '2025-08-14 10:19:22', '2025-08-14 10:59:32'),
(146, '1.95 THK', 'THRUST WASHER - 1.95 THK', NULL, 0.00, 0.00, 'units', NULL, '0', 5, 5, '2025-08-14 10:20:58', '2025-08-14 10:59:32'),
(147, '68X90X13', 'OIL SEAL (68X90X13)', NULL, 0.00, 0.00, 'units', NULL, '0', 5, 5, '2025-08-14 10:22:52', '2025-08-14 10:59:32'),
(148, 'HEX NUT 4018', 'HEX NUT', NULL, 0.00, 0.00, 'units', NULL, '0', 5, 5, '2025-08-14 10:24:45', '2025-08-14 10:59:32'),
(149, 'BRG 32020', 'TAPER ROLLER BRG 32020', NULL, 0.00, 0.00, 'units', NULL, '0', 5, 5, '2025-08-14 10:25:30', '2025-08-14 10:59:32'),
(150, 'BRG 77213', 'TAPER ROLLER BRG 77213', NULL, 0.00, 0.00, 'units', NULL, '0', 5, 5, '2025-08-14 10:26:44', '2025-08-14 10:59:32'),
(151, 'NS1909RA 109RR', 'CYL ROLLER BRG NS1909RA 109RR', NULL, 0.00, 0.00, 'units', NULL, '0', 5, 5, '2025-08-14 10:27:53', '2025-08-14 10:59:32'),
(152, '4018 WASHER', 'SPHERICAL WASHER', NULL, 0.00, 0.00, 'units', NULL, '0', 5, 5, '2025-08-14 10:28:56', '2025-08-14 10:59:32'),
(153, '4018 SPACER RING', 'SPACER RING', NULL, 0.00, 0.00, 'units', NULL, '0', 5, 5, '2025-08-14 10:29:35', '2025-08-14 10:29:35'),
(154, '4018 SPACER RING 123456789', 'SPACER RING', NULL, 0.00, 0.00, 'units', NULL, '0', 5, 5, '2025-08-14 14:45:20', '2025-08-14 14:49:03'),
(155, '4018 SWITCH', 'STEERING LOCK CUM IGNITION SWITCH', NULL, 0.00, 0.00, 'units', NULL, '0', 5, 5, '2025-08-25 12:11:16', '2025-08-25 12:14:49'),
(156, '2516 SUB ASSY BALL', 'SUB ASSY BALL & SOCKET JOINT B', NULL, 0.00, 0.00, 'units', NULL, '0', 5, 5, '2025-08-26 15:46:04', '2026-01-28 14:45:16'),
(157, '4018 TE278603990126', 'BELT V RIBBERD', NULL, 0.00, 0.00, 'units', NULL, '0', 5, 5, '2025-08-26 15:47:43', '2025-08-26 15:56:30'),
(158, '4018 FOG LIGHT', 'FOG LIGHT', NULL, 0.00, 0.00, 'units', NULL, '0', 5, 5, '2025-08-27 12:27:18', '2025-10-20 17:24:35'),
(159, '4018 HOOD LIGHT', 'HOOD LIGHT', NULL, 0.00, 0.00, 'units', NULL, '0', 5, 5, '2025-08-27 12:30:36', '2025-08-27 12:40:52'),
(160, '4018 TENSIONER BELT', 'TENSIONER BELT', NULL, 0.00, 0.00, 'units', NULL, '0', 5, 5, '2025-09-03 12:01:05', '2025-09-03 12:09:42'),
(161, '4018 SLACK', 'SLACK ADJESTER', NULL, 0.00, 0.00, 'units', NULL, '0', 5, 5, '2025-09-08 14:20:39', '2026-01-28 13:53:03'),
(162, '2516.......12V', 'HEAD LIGHT BULB 12V', NULL, 2.00, 0.00, 'pieces', NULL, '0', 5, 5, '2025-09-12 10:52:56', '2026-01-22 13:00:56'),
(163, '4018....24V', 'HEAD LIGHT BULB 24V', NULL, 0.00, 0.00, 'pieces', NULL, '0', 5, 5, '2025-09-12 10:53:43', '2026-02-18 10:04:27'),
(164, '4018/SINGLE FILAMENT BULB', '24V SINGLE FILAMENT BULB (SIGNEL LIGHT)', NULL, 0.00, 0.00, 'pieces', NULL, '0', 5, 5, '2025-09-12 10:56:47', '2026-02-16 10:28:34'),
(165, '2516/LED LIGHT', '12V LED STRITS', NULL, 2.00, 0.00, 'pieces', NULL, '0', 5, 5, '2025-09-12 11:11:41', '2026-02-17 09:12:35'),
(166, '4018/LED LIGHT', '24V LED STRITS', NULL, 0.00, 0.00, 'pieces', NULL, '0', 5, 1, '2025-09-12 11:14:14', '2025-11-03 10:53:44'),
(167, '4018/10 AMP', '10 AMP FUSES', NULL, 0.00, 0.00, 'pieces', NULL, '0', 5, 5, '2025-09-12 11:17:12', '2025-12-22 14:14:11'),
(168, '4018/15 AMP', '15 AMP FUSES', NULL, 0.00, 0.00, 'pieces', NULL, '0', 5, 5, '2025-09-12 11:19:06', '2025-12-22 14:14:11'),
(169, '4018/20 AMP', '20 AMP FUSES', NULL, 5.00, 0.00, 'pieces', NULL, '0', 5, 5, '2025-09-12 11:20:07', '2026-02-02 14:57:22'),
(170, '4018 RADIATOR HOSE', 'RADIATOR HOSE', NULL, 1.00, 0.00, 'units', NULL, '0', 5, 5, '2025-09-18 12:01:17', '2025-09-18 12:08:58'),
(171, '4018 RADIATOR HOSE CLIP', 'RADIATOR HOSE CLIP', NULL, 2.00, 0.00, 'units', NULL, '0', 5, 5, '2025-09-18 12:02:20', '2025-09-18 12:08:58'),
(172, '4018 SOLONOID', 'FIP SOLONOID - 24V', NULL, 0.00, 0.00, 'units', NULL, '0', 5, 5, '2025-09-18 16:38:27', '2026-03-17 10:52:56'),
(173, '16/0.20TW-1M', 'TWO CORE  BLACK RED', NULL, 7.00, 0.00, 'pieces', NULL, '0', 5, 5, '2025-09-19 14:50:41', '2025-09-24 12:18:10'),
(174, '8.60', 'BOLT', NULL, 10.00, 0.00, 'pieces', NULL, '0', 5, 5, '2025-09-22 13:28:57', '2025-09-23 12:17:36'),
(175, '8.MM', 'NUT', NULL, 10.00, 0.00, 'pieces', NULL, '0', 5, 5, '2025-09-22 13:29:31', '2025-09-23 12:17:36'),
(176, '6.20', 'FLAT WASHER', NULL, 10.00, 0.00, 'pieces', NULL, '0', 5, 5, '2025-09-22 13:30:43', '2025-09-23 12:17:36'),
(177, 'BLUE PACK', 'ARALDITE', NULL, 0.00, 0.00, 'pieces', NULL, '0', 5, 5, '2025-09-22 13:32:49', '2025-10-20 17:24:35'),
(178, '4018 AIR COUPLING SET', 'AIR COUPLING SET', NULL, 0.00, 0.00, 'units', NULL, '0', 5, 5, '2025-09-22 14:40:01', '2025-11-10 16:31:59'),
(179, '4018 GI CONNECTOS', 'GI CONNECTOS', NULL, 0.00, 0.00, 'units', NULL, '0', 5, 5, '2025-09-22 14:44:44', '2025-11-10 16:31:59'),
(180, '4018 BRASS CONNECTOS', 'BRASS CONNECTOS', NULL, 0.00, 0.00, 'units', NULL, '0', 5, 5, '2025-09-22 14:45:41', '2025-11-10 16:31:59'),
(181, 'ABRO', 'ABRO SHELLAC BOTTLE', NULL, 0.00, 0.00, 'units', NULL, '0', 5, 5, '2025-09-22 14:47:28', '2025-09-23 14:04:08'),
(182, '1.5,MM CABLE', '1.5,MM FLAT TWIN CABLE', NULL, 0.00, 0.00, 'pieces', NULL, '0', 5, 5, '2025-09-22 15:15:00', '2025-10-20 17:24:35'),
(183, '1,M SOLDERING', '1,M SOLDERING WIRE', NULL, 1.00, 0.00, 'pieces', NULL, '0', 5, 5, '2025-09-22 15:17:42', '2025-09-23 12:21:17'),
(184, '1096571N', 'AIR HORN PIPE SET', NULL, 0.00, 0.00, 'pieces', NULL, '0', 5, 5, '2025-09-26 16:40:28', '2025-10-20 17:24:35'),
(185, '4018 JACK', 'JACK 50T', NULL, 1.00, 0.00, 'units', NULL, '0', 5, 5, '2025-10-03 17:35:14', '2025-11-12 16:43:31'),
(186, '4018 TOOL KIT', 'TOOL KIT', NULL, 0.00, 0.00, 'units', NULL, '0', 5, 5, '2025-10-03 17:37:13', '2025-11-12 16:43:31'),
(187, '4018 CARPET', 'RUBBER CARPET', NULL, 0.00, 0.00, 'pieces', NULL, '0', 5, 5, '2025-10-03 17:41:08', '2025-11-12 16:43:31'),
(188, '4018 CI-9703', 'FUEL TANK CAP', NULL, 0.00, 0.00, 'units', NULL, '0', 5, 5, '2025-10-08 16:50:58', '2025-10-08 17:07:56'),
(189, 'PIPE', 'G.I PIPE', NULL, 6.00, 0.00, 'pieces', NULL, '0', 5, 5, '2025-10-08 17:03:00', '2025-11-12 16:43:31'),
(190, 'RATCHET', 'RATCHET', NULL, 0.00, 0.00, 'units', NULL, '0', 5, 5, '2025-10-15 11:01:31', '2025-10-15 11:19:14'),
(191, '8329-JK', 'GEAR BOX TOP SHAFT OIL SEEL', NULL, 0.00, 0.00, 'units', NULL, '1', 5, 5, '2025-10-20 16:24:06', '2025-10-20 16:24:06'),
(192, '8329-JK NEW', 'GEAR BOX TOP SHAFT OIL SEEL 2516', NULL, 0.00, 0.00, 'units', NULL, '0', 5, 5, '2025-10-20 16:44:42', '2026-03-04 11:40:47'),
(193, 'ACCELERATOR CABLE', 'ASSY PULL CABLE ACCELERATOR', NULL, 0.00, 0.00, 'units', NULL, '0', 5, 5, '2025-10-20 16:56:40', '2026-01-28 13:53:03'),
(194, '10005-NJK', 'WIPPER WHEEL BOX LONG', NULL, 0.00, 0.00, 'units', NULL, '0', 5, 5, '2025-10-22 13:02:14', '2026-02-16 13:27:48'),
(195, 'TE257682400125', 'ASSY WIPER ARM (DRIVER)', NULL, 0.00, 0.00, 'units', NULL, '0', 5, 5, '2025-10-22 13:03:41', '2025-10-23 12:43:16'),
(196, '257667106336', 'RUBBER MOULD (WIND SCREEN) 4018', NULL, 0.00, 0.00, 'pieces', NULL, '0', 5, 5, '2025-10-28 14:09:20', '2025-10-28 14:16:52'),
(197, 'VXL423AB', 'TIE ROD END FULL KIT RH/LH TATA 1312', NULL, 0.00, 0.00, 'units', NULL, '0', 5, 5, '2025-11-10 15:19:37', '2025-11-10 15:48:23'),
(198, 'VXL423A', 'TIE ROD END TATA 2515 30 MM', NULL, 0.00, 0.00, 'units', NULL, '0', 5, 5, '2025-11-10 15:22:03', '2025-11-10 15:48:23'),
(199, 'MSP3/86', 'DRYING DIS UNIT REPAIR KIT', NULL, 0.00, 0.00, 'units', NULL, '0', 5, 5, '2025-11-10 15:23:50', '2025-11-10 15:48:23'),
(200, '9646', 'DDU NEW DESICCANT REPAITR KIT -VOSS', NULL, 0.00, 0.00, 'units', NULL, '0', 5, 5, '2025-11-18 12:34:05', '2025-11-18 13:53:06'),
(201, '7619', 'DIAPHRAGM LEYLAND CARGO', NULL, 1.00, 0.00, 'pieces', NULL, '0', 5, 5, '2025-11-21 08:55:48', '2026-04-22 16:28:14'),
(202, '4326', 'AIR SHOCKET', NULL, 3.00, 0.00, 'units', NULL, '0', 5, 5, '2025-11-21 10:02:08', '2026-01-28 13:53:03'),
(203, 'VALVE RELAY DUTCH', 'VALVE RELAY DUTCH', NULL, 0.00, 0.00, 'units', NULL, '0', 5, 5, '2025-11-24 15:58:11', '2025-11-24 16:06:31'),
(204, 'M304980', 'HAND BRAKE VALVE TYPE 2516', NULL, 0.00, 0.00, 'units', NULL, '0', 5, 5, '2025-11-25 14:26:24', '2025-11-25 14:33:52'),
(205, 'WIPER BLADE SET', 'WIPER BLADE SET', NULL, 0.00, 0.00, 'sets', NULL, '0', 5, 5, '2025-12-02 14:37:59', '2025-12-02 14:41:53'),
(206, 'ASSY BASE PLATE', 'ASSY BASE PLATE', NULL, 0.00, 0.00, 'units', NULL, '0', 5, 5, '2025-12-05 16:39:10', '2026-02-18 14:45:05'),
(207, 'ACCELERATOR SPRING', 'TENSION SPRING FOR ACC CONTROL', NULL, 0.00, 0.00, 'pieces', NULL, '0', 5, 5, '2025-12-05 16:42:33', '2025-12-05 17:01:59'),
(208, '4018 MANIFOLD', 'MANIFOLD EXHAUST', NULL, 0.00, 0.00, 'units', NULL, '0', 5, 5, '2025-12-17 11:53:56', '2025-12-18 14:37:30'),
(209, '4018 AUTODRAIN VALVE', 'ASSY AUTODRAIN VALVE', NULL, 0.00, 0.00, 'units', NULL, '0', 5, 5, '2025-12-17 11:55:21', '2025-12-17 15:58:55'),
(210, '4018 Water Pump', 'Water Pump', NULL, 0.00, 0.00, 'units', NULL, '0', 5, 5, '2025-12-29 12:51:51', '2025-12-29 12:55:38'),
(211, '4018 AIR COUPLING FEMAL', 'AIR COUPLING FEMAL', NULL, 0.00, 0.00, 'units', NULL, '0', 5, 5, '2025-12-29 16:57:16', '2025-12-29 17:01:20'),
(212, 'MSP3/84', 'VALVE REPAIR KIT', NULL, 0.00, 0.00, 'pieces', NULL, '0', 5, 5, '2026-01-28 13:03:12', '2026-01-28 13:56:55'),
(213, 'KK-53-153', 'BREAK LIGHT CUP', NULL, 0.00, 0.00, 'pieces', NULL, '0', 5, 5, '2026-01-28 13:10:51', '2026-02-11 17:26:10'),
(214, '4018 BALL JOINT', 'ASSY BALL JOINT RH THREADS', NULL, 0.00, 0.00, 'units', NULL, '0', 5, 5, '2026-01-28 14:25:39', '2026-01-28 14:45:16'),
(215, '4018 LEADER PART', 'LEADER PART NO ASSY BALL JT', NULL, 0.00, 0.00, 'units', NULL, '0', 5, 5, '2026-01-28 14:27:26', '2026-01-28 14:45:16'),
(216, '4018 HOUSING BLOCK', 'ASSY HOUSING BLOCK', NULL, 0.00, 0.00, 'units', NULL, '0', 5, 5, '2026-01-28 14:28:30', '2026-01-28 14:45:16'),
(217, '4018 CLUTCH BOOSTER', 'SPARE KIT CLUTCH BOOSTER', NULL, 0.00, 0.00, 'units', NULL, '0', 5, 5, '2026-02-26 13:35:24', '2026-02-26 13:46:23'),
(218, '235/75-17.5', '17.5 WESTLAKE(CR960)TYRE', NULL, 0.00, 0.00, 'pieces', NULL, '0', 5, 5, '2026-03-30 16:39:46', '2026-03-30 16:45:14'),
(219, '4018 COMPRESSOR MAJOR OVERHAUL KIT', '4018 COMPRESSOR MAJOR OVERHAUL KIT', NULL, 0.00, 0.00, 'pieces', NULL, '0', 5, 5, '2026-04-22 16:06:13', '2026-04-22 16:10:38'),
(220, 'ASSY MAIN MIRROR RH', 'ASSY MAIN MIRROR RH', NULL, 0.00, 0.00, 'pieces', NULL, '0', 5, 5, '2026-04-22 16:31:33', '2026-04-22 16:58:23'),
(221, 'ASSY WIDE ANGLE MIRROR', 'ASSY WIDE ANGLE MIRROR', NULL, 0.00, 0.00, 'pieces', NULL, '0', 5, 5, '2026-04-22 16:32:51', '2026-04-22 16:58:23'),
(222, 'SEAL RECTANGULAR RING', 'SEAL RECTANGULAR RING', NULL, 0.00, 0.00, 'pieces', NULL, '0', 5, 5, '2026-04-23 11:50:49', '2026-04-23 11:58:36'),
(223, '2516 WATER PUMP', '2516 WATER PUMP', NULL, 0.00, 0.00, 'pieces', NULL, '0', 5, 5, '2026-04-23 11:53:20', '2026-04-23 11:58:36');

-- --------------------------------------------------------

--
-- Table structure for table `purchase_orders`
--

CREATE TABLE `purchase_orders` (
  `id` int(10) UNSIGNED NOT NULL,
  `purchase_order_number` varchar(255) NOT NULL,
  `supplier_id` int(10) UNSIGNED NOT NULL,
  `purchase_order_date` varchar(255) NOT NULL,
  `reference` varchar(255) DEFAULT NULL,
  `po_status` int(11) NOT NULL DEFAULT 0,
  `created_by` int(11) NOT NULL,
  `updated_by` int(11) NOT NULL,
  `created_at` timestamp NULL DEFAULT NULL,
  `updated_at` timestamp NULL DEFAULT NULL
) ENGINE=InnoDB DEFAULT CHARSET=utf8mb4 COLLATE=utf8mb4_unicode_ci;

--
-- Dumping data for table `purchase_orders`
--

INSERT INTO `purchase_orders` (`id`, `purchase_order_number`, `supplier_id`, `purchase_order_date`, `reference`, `po_status`, `created_by`, `updated_by`, `created_at`, `updated_at`) VALUES
(35, 'PO-000001', 2, '21-04-2025', 'STOCK', 0, 1, 1, '2025-04-21 12:22:21', '2025-04-21 12:22:21'),
(36, 'PO-000002', 2, '21-04-2025', 'STOCK', 0, 1, 1, '2025-04-21 12:42:29', '2025-04-21 12:42:29'),
(37, 'PO-000003', 2, '21-04-2025', 'STOCK', 0, 1, 1, '2025-04-21 12:48:45', '2025-04-21 12:48:45'),
(39, 'PO-000004', 10, '22-04-2025', 'STOCK', 0, 5, 5, '2025-04-22 10:16:28', '2025-04-22 10:16:28'),
(40, 'PO-000005', 6, '02-05-2025', NULL, 0, 5, 5, '2025-05-02 10:33:09', '2025-05-02 10:33:09'),
(41, 'PO-000006', 11, '03-05-2025', NULL, 0, 5, 5, '2025-05-03 10:47:17', '2025-05-03 10:58:18'),
(42, 'PO-000007', 8, '08-05-2025', 'STOCK', 0, 5, 5, '2025-05-08 14:51:35', '2025-05-08 14:51:35'),
(43, 'PO-000008', 8, '08-05-2025', NULL, 0, 5, 5, '2025-05-09 11:43:26', '2025-05-09 11:45:09'),
(44, 'PO-000009', 2, '09-05-2025', 'LX-2883 RETURN', 0, 5, 5, '2025-05-09 16:52:43', '2025-05-09 16:52:43'),
(45, 'PO-000010', 2, '14-05-2025', 'RETURN', 0, 5, 5, '2025-05-14 12:15:19', '2025-05-14 12:15:19'),
(46, 'PO-000011', 2, '14-05-2025', 'RETURN', 0, 5, 5, '2025-05-14 12:16:04', '2025-05-14 12:16:04'),
(47, 'PO-000012', 6, '15-05-2025', NULL, 0, 5, 5, '2025-05-15 14:35:25', '2025-05-15 14:35:25'),
(48, 'PO-000013', 8, '10-05-2025', NULL, 0, 5, 5, '2025-05-15 15:07:30', '2025-05-15 15:07:30'),
(49, 'PO-000014', 11, '10-05-2025', NULL, 0, 5, 5, '2025-05-15 15:10:06', '2025-05-15 15:29:30'),
(50, 'PO-000015', 6, '17-05-2025', NULL, 0, 5, 5, '2025-05-17 12:21:13', '2025-05-17 12:21:13'),
(51, 'PO-000016', 8, '21-05-2025', NULL, 0, 5, 5, '2025-05-21 14:57:15', '2025-05-21 14:57:15'),
(52, 'PO-000017', 11, '27-05-2025', NULL, 0, 5, 5, '2025-05-27 14:26:17', '2025-05-27 14:26:17'),
(53, 'PO-000018', 11, '28-05-2025', NULL, 0, 5, 5, '2025-05-29 10:52:26', '2025-05-29 11:53:53'),
(54, 'PO-000019', 6, '03-06-2025', NULL, 0, 5, 5, '2025-06-03 11:54:46', '2025-06-03 11:54:46'),
(55, 'PO-000020', 8, '03-06-2025', NULL, 0, 5, 5, '2025-06-03 17:38:34', '2025-06-03 17:38:34'),
(56, 'PO-000021', 3, '05-06-2025', NULL, 0, 5, 5, '2025-06-05 13:47:50', '2025-06-05 13:47:50'),
(57, 'PO-000022', 6, '13-06-2025', 'LM-3544', 0, 5, 5, '2025-06-13 16:14:08', '2025-06-13 16:14:08'),
(58, 'PO-000023', 8, '29-06-2025', NULL, 0, 5, 5, '2025-06-30 11:08:27', '2025-06-30 11:08:27'),
(59, 'PO-000024', 3, '02-07-2025', NULL, 0, 5, 5, '2025-07-02 10:53:46', '2025-07-02 10:53:46'),
(60, 'PO-000025', 8, '04-07-2025', NULL, 0, 5, 5, '2025-07-04 15:12:06', '2025-07-04 15:12:06'),
(61, 'PO-000026', 6, '11-07-2025', NULL, 0, 5, 5, '2025-07-11 12:38:10', '2025-07-11 12:38:10'),
(62, 'PO-000027', 11, '11-07-2025', NULL, 0, 5, 5, '2025-07-11 16:34:08', '2025-07-11 16:34:08'),
(63, 'PO-000028', 12, '14-07-2025', 'RETURN', 0, 5, 5, '2025-07-14 09:20:46', '2025-07-14 09:20:46'),
(64, 'PO-000029', 8, '22-07-2025', NULL, 0, 5, 5, '2025-07-22 12:14:56', '2025-07-22 12:14:56'),
(65, 'PO-000030', 6, '30-07-2025', NULL, 0, 5, 5, '2025-07-30 10:36:26', '2025-07-30 10:36:26'),
(66, 'PO-000031', 6, '04-08-2025', NULL, 0, 5, 5, '2025-08-04 12:10:17', '2025-08-04 12:10:17'),
(67, 'PO-000032', 11, '04-08-2025', NULL, 0, 5, 5, '2025-08-04 12:50:23', '2025-08-04 12:50:23'),
(68, 'PO-000033', 6, '06-08-2025', NULL, 0, 5, 5, '2025-08-06 12:01:29', '2025-08-06 12:01:29'),
(69, 'PO-000034', 8, '07-08-2025', NULL, 0, 5, 5, '2025-08-07 13:24:10', '2025-08-07 13:24:10'),
(70, 'PO-000035', 11, '11-08-2025', 'STOCK', 0, 5, 5, '2025-08-11 16:17:09', '2025-08-11 16:17:09'),
(71, 'PO-000036', 6, '14-08-2025', 'LY-2694', 0, 5, 5, '2025-08-14 10:39:36', '2025-08-14 10:39:36'),
(72, 'PO-000037', 6, '14-08-2025', 'LY-2694', 0, 5, 5, '2025-08-14 14:46:44', '2025-08-14 14:46:44'),
(73, 'PO-000038', 12, '18-08-2025', NULL, 0, 5, 5, '2025-08-18 16:30:47', '2025-08-18 16:31:38'),
(74, 'PO-000039', 6, '25-08-2025', 'LY-2693', 0, 5, 5, '2025-08-25 12:12:11', '2025-08-25 12:12:11'),
(75, 'PO-000040', 8, '24-08-2025', 'LY-2694', 0, 5, 5, '2025-08-26 15:50:09', '2025-08-26 15:50:09'),
(76, 'PO-000041', 6, '26-08-2025', 'LM-3546', 0, 5, 5, '2025-08-26 15:52:51', '2025-08-26 15:52:51'),
(77, 'PO-000042', 14, '27-08-2025', NULL, 0, 5, 5, '2025-08-27 12:32:48', '2025-08-27 12:32:48'),
(78, 'PO-000043', 15, '25-08-2025', NULL, 0, 5, 5, '2025-08-27 12:37:22', '2025-08-27 12:37:22'),
(79, 'PO-000044', 6, '30-08-2025', NULL, 0, 5, 5, '2025-09-01 15:22:36', '2025-09-01 15:23:32'),
(80, 'PO-000045', 11, '01-09-2025', NULL, 0, 5, 5, '2025-09-01 15:35:55', '2025-09-01 15:35:55'),
(83, 'PO-000046', 10, '02-09-2025', NULL, 0, 5, 5, '2025-09-02 15:59:59', '2025-09-02 15:59:59'),
(85, 'PO-000048', 6, '03-09-2025', NULL, 0, 5, 5, '2025-09-03 12:03:36', '2025-09-03 12:03:36'),
(86, 'PO-000049', 17, '08-09-2025', NULL, 0, 5, 5, '2025-09-08 14:21:35', '2025-09-08 14:21:35'),
(87, 'PO-000050', 15, '08-09-2025', 'LY-2691', 0, 5, 5, '2025-09-08 15:52:34', '2025-09-08 15:52:34'),
(88, 'PO-000051', 18, '11-09-2025', 'STOCK', 0, 5, 5, '2025-09-12 11:51:41', '2025-09-12 11:51:41'),
(89, 'PO-000052', 11, '13-09-2025', 'STOCK', 0, 5, 5, '2025-09-13 11:02:00', '2025-09-13 11:02:00'),
(90, 'PO-000053', 19, '18-09-2025', 'LY-2699', 0, 5, 5, '2025-09-18 12:04:31', '2025-09-18 12:04:31'),
(91, 'PO-000054', 6, '18-09-2025', 'LY-2697', 0, 5, 5, '2025-09-18 16:39:26', '2025-09-18 16:39:26'),
(92, 'PO-000055', 15, '19-09-2025', NULL, 0, 5, 5, '2025-09-19 14:19:14', '2025-09-19 14:19:14'),
(93, 'PO-000056', 8, '19-09-2025', NULL, 0, 5, 5, '2025-09-19 14:53:07', '2025-09-19 14:53:07'),
(94, 'PO-000057', 8, '19-09-2025', NULL, 0, 5, 5, '2025-09-19 14:59:09', '2025-09-19 14:59:09'),
(95, 'PO-000058', 8, '20-09-2025', NULL, 0, 5, 5, '2025-09-22 13:17:00', '2025-09-22 13:17:00'),
(96, 'PO-000059', 4, '20-09-2025', NULL, 0, 5, 5, '2025-09-22 13:25:15', '2025-09-22 13:25:15'),
(97, 'PO-000060', 4, '20-09-2025', NULL, 0, 5, 5, '2025-09-22 13:42:52', '2025-09-22 13:42:52'),
(98, 'PO-000061', 15, '19-09-2025', NULL, 0, 5, 5, '2025-09-22 14:50:25', '2025-09-22 14:50:25'),
(99, 'PO-000062', 21, '20-09-2025', NULL, 0, 5, 5, '2025-09-22 15:19:10', '2025-09-22 15:19:10'),
(100, 'PO-000063', 8, '22-09-2025', 'LM-3543', 0, 5, 5, '2025-09-23 11:01:13', '2025-09-23 11:01:13'),
(101, 'PO-000064', 8, '26-09-2025', 'LY-2715', 0, 5, 5, '2025-09-26 16:18:26', '2025-09-26 16:18:26'),
(102, 'PO-000065', 22, '26-09-2025', NULL, 0, 5, 5, '2025-09-26 16:23:24', '2025-09-26 16:23:24'),
(103, 'PO-000066', 23, '26-09-2025', NULL, 0, 5, 5, '2025-09-26 16:34:22', '2025-09-26 16:34:22'),
(104, 'PO-000067', 11, '26-09-2025', NULL, 0, 5, 5, '2025-09-26 16:44:19', '2025-09-26 16:44:19'),
(105, 'PO-000068', 12, '30-09-2025', 'STOCK', 0, 5, 5, '2025-09-30 15:45:33', '2025-09-30 15:45:33'),
(106, 'PO-000069', 1, '01-10-2025', 'STOCK', 0, 1, 1, '2025-10-01 11:43:58', '2025-10-01 11:43:58'),
(107, 'PO-000070', 2, '03-10-2025', NULL, 0, 5, 5, '2025-10-03 17:48:39', '2025-10-03 17:48:39'),
(108, 'PO-000071', 8, '08-10-2025', 'LY-2697', 0, 5, 5, '2025-10-08 16:52:03', '2025-10-08 16:52:03'),
(109, 'PO-000072', 26, '08-10-2025', NULL, 0, 5, 5, '2025-10-08 17:04:24', '2025-10-08 17:04:24'),
(110, 'PO-000073', 11, '13-10-2025', NULL, 0, 5, 5, '2025-10-13 12:47:43', '2025-10-13 12:47:43'),
(111, 'PO-000074', 2, '15-10-2025', NULL, 0, 5, 5, '2025-10-15 11:03:17', '2025-10-15 11:03:17'),
(112, 'PO-000075', 8, '20-10-2025', NULL, 0, 5, 5, '2025-10-20 14:17:52', '2025-10-20 14:17:52'),
(114, 'PO-000076', 8, '20-10-2025', NULL, 0, 5, 5, '2025-10-20 16:48:10', '2025-10-20 16:48:10'),
(115, 'PO-000077', 6, '18-10-2025', NULL, 0, 5, 5, '2025-10-20 17:01:20', '2025-10-20 17:01:20'),
(116, 'PO-000078', 8, '22-10-2025', NULL, 0, 5, 5, '2025-10-22 13:20:41', '2025-10-22 13:20:41'),
(117, 'PO-000079', 6, '28-10-2025', NULL, 0, 5, 5, '2025-10-28 14:10:42', '2025-10-28 14:10:42'),
(118, 'PO-000080', 6, '28-10-2025', NULL, 0, 5, 5, '2025-10-28 14:12:00', '2025-10-28 14:12:00'),
(119, 'PO-000081', 8, '06-11-2025', NULL, 0, 5, 5, '2025-11-10 13:20:07', '2025-11-10 13:20:07'),
(120, 'PO-000082', 8, '06-11-2025', 'LY-2698', 0, 5, 5, '2025-11-10 15:27:06', '2025-11-10 15:27:06'),
(122, 'PO-000083', 8, '17-11-2025', 'LM-3544', 0, 5, 5, '2025-11-18 13:51:37', '2025-11-18 13:51:37'),
(123, 'PO-000084', 11, '20-11-2025', NULL, 0, 5, 5, '2025-11-20 15:42:18', '2025-11-20 15:42:18'),
(124, 'PO-000085', 8, '20-11-2025', NULL, 0, 5, 5, '2025-11-21 10:03:34', '2025-11-21 10:03:34'),
(125, 'PO-000086', 27, '24-11-2025', 'LX-2708', 0, 5, 5, '2025-11-24 16:01:28', '2025-11-24 16:01:28'),
(126, 'PO-000087', 8, '25-11-2025', NULL, 0, 5, 5, '2025-11-25 14:28:40', '2025-11-25 14:28:40'),
(127, 'PO-000088', 7, '02-12-2025', 'MG-8838', 0, 5, 5, '2025-12-02 14:38:57', '2025-12-02 14:38:57'),
(128, 'PO-000089', 9, '03-12-2025', '1000×20(18)Pro', 0, 5, 5, '2025-12-03 14:40:36', '2025-12-03 14:40:36'),
(129, 'PO-000090', 6, '05-12-2025', NULL, 0, 5, 5, '2025-12-05 16:44:59', '2025-12-05 16:44:59'),
(130, 'PO-000091', 10, '09-12-2025', 'STOCK', 0, 5, 5, '2025-12-09 15:25:39', '2025-12-09 15:25:39'),
(131, 'PO-000092', 6, '17-12-2025', 'LY-2697', 0, 5, 5, '2025-12-17 12:07:00', '2025-12-17 12:07:00'),
(132, 'PO-000093', 6, '24-12-2025', NULL, 0, 5, 5, '2025-12-24 13:41:18', '2025-12-24 13:41:18'),
(133, 'PO-000094', 6, '29-12-2025', NULL, 0, 5, 5, '2025-12-29 12:54:10', '2025-12-29 12:54:10'),
(134, 'PO-000095', 5, '29-12-2025', 'LY-2692', 0, 5, 5, '2025-12-29 16:59:13', '2025-12-29 16:59:13'),
(136, 'PO-000096', 6, '26-01-2026', NULL, 0, 5, 5, '2026-01-27 10:29:06', '2026-01-27 10:29:06'),
(138, 'PO-000097', 8, '27-01-2026', NULL, 0, 5, 5, '2026-01-28 13:39:06', '2026-01-28 13:39:06'),
(139, 'PO-000098', 6, '27-01-2026', NULL, 0, 5, 5, '2026-01-28 13:41:31', '2026-01-28 13:41:31'),
(140, 'PO-000099', 8, '27-01-2026', NULL, 0, 5, 5, '2026-01-28 13:43:22', '2026-01-28 13:43:22'),
(141, 'PO-000100', 6, '28-01-2026', 'LY-2694', 0, 5, 5, '2026-01-28 14:12:03', '2026-01-28 14:12:03'),
(142, 'PO-000101', 6, '28-01-2026', 'LY-2694', 0, 5, 5, '2026-01-28 14:40:56', '2026-01-28 14:40:56'),
(143, 'PO-000102', 6, '11-02-2026', 'STOCK', 0, 5, 5, '2026-02-11 14:22:07', '2026-02-11 14:22:07'),
(144, 'PO-000103', 10, '17-02-2026', NULL, 0, 5, 5, '2026-02-17 14:38:35', '2026-02-17 14:38:35'),
(145, 'PO-000104', 6, '18-02-2026', 'LY-2691', 0, 5, 5, '2026-02-18 14:42:48', '2026-02-18 14:42:48'),
(147, 'PO-000105', 6, '25-02-2026', NULL, 0, 5, 5, '2026-02-26 13:38:05', '2026-02-26 13:38:05'),
(148, 'PO-000106', 6, '17-03-2026', 'LY-2694', 0, 5, 5, '2026-03-17 10:51:29', '2026-03-17 10:51:29'),
(149, 'PO-000107', 8, '27-03-2026', NULL, 0, 5, 5, '2026-03-27 14:20:29', '2026-03-27 14:20:29'),
(150, 'PO-000108', 6, '30-03-2026', 'LM-3547', 0, 5, 5, '2026-03-30 16:25:24', '2026-03-30 16:25:24'),
(151, 'PO-000109', 10, '30-03-2026', NULL, 0, 5, 5, '2026-03-30 16:41:14', '2026-03-30 16:41:14'),
(152, 'PO-000110', 6, '21-04-2026', 'LY-2692', 0, 5, 5, '2026-04-22 16:08:06', '2026-04-22 16:08:06'),
(153, 'PO-000111', 8, '22-04-2026', 'STOCK', 0, 5, 5, '2026-04-22 16:15:11', '2026-04-22 16:15:11'),
(154, 'PO-000112', 6, '22-04-2026', NULL, 0, 5, 5, '2026-04-22 16:54:43', '2026-04-22 16:54:43'),
(155, 'PO-000113', 6, '23-04-2026', NULL, 0, 5, 5, '2026-04-23 11:32:43', '2026-04-23 11:32:43'),
(156, 'PO-000114', 6, '23-04-2026', NULL, 0, 5, 5, '2026-04-23 11:55:08', '2026-04-23 11:55:08'),
(157, 'PO-000115', 8, '05-05-2026', NULL, 0, 5, 5, '2026-05-05 16:15:34', '2026-05-05 16:15:34');

-- --------------------------------------------------------

--
-- Table structure for table `purchase_order_products`
--

CREATE TABLE `purchase_order_products` (
  `id` int(10) UNSIGNED NOT NULL,
  `purchase_order_id` int(10) UNSIGNED NOT NULL,
  `product_id` int(10) UNSIGNED NOT NULL,
  `quantity` decimal(10,2) NOT NULL DEFAULT 0.00,
  `unit_price` decimal(10,2) NOT NULL,
  `grn_status` int(11) NOT NULL DEFAULT 0,
  `created_at` timestamp NULL DEFAULT NULL,
  `updated_at` timestamp NULL DEFAULT NULL
) ENGINE=InnoDB DEFAULT CHARSET=utf8mb4 COLLATE=utf8mb4_unicode_ci;

--
-- Dumping data for table `purchase_order_products`
--

INSERT INTO `purchase_order_products` (`id`, `purchase_order_id`, `product_id`, `quantity`, `unit_price`, `grn_status`, `created_at`, `updated_at`) VALUES
(97, 35, 7, 10.00, 1.00, 1, '2025-04-21 12:22:21', '2025-04-21 12:25:17'),
(98, 35, 6, 10.00, 1.00, 1, '2025-04-21 12:22:21', '2025-04-21 12:25:17'),
(99, 35, 5, 10.00, 1.00, 1, '2025-04-21 12:22:21', '2025-04-21 12:25:17'),
(100, 35, 84, 9.00, 1.00, 1, '2025-04-21 12:22:21', '2025-04-21 12:25:17'),
(101, 35, 85, 20.00, 1.00, 1, '2025-04-21 12:22:21', '2025-04-21 12:25:17'),
(102, 35, 47, 1.00, 1.00, 1, '2025-04-21 12:22:21', '2025-04-21 12:25:17'),
(103, 35, 43, 9.00, 1.00, 1, '2025-04-21 12:22:21', '2025-04-21 12:25:17'),
(104, 35, 40, 6.00, 1.00, 1, '2025-04-21 12:22:21', '2025-04-21 12:25:17'),
(105, 35, 41, 8.00, 1.00, 1, '2025-04-21 12:22:21', '2025-04-21 12:25:17'),
(106, 35, 42, 9.00, 1.00, 1, '2025-04-21 12:22:21', '2025-04-21 12:25:17'),
(107, 35, 44, 3.00, 1.00, 1, '2025-04-21 12:22:21', '2025-04-21 12:25:17'),
(108, 35, 30, 3.00, 1.00, 1, '2025-04-21 12:22:21', '2025-04-21 12:25:17'),
(109, 35, 31, 21.00, 1.00, 1, '2025-04-21 12:22:21', '2025-04-21 12:25:17'),
(110, 35, 35, 30.00, 1.00, 1, '2025-04-21 12:22:21', '2025-04-21 12:25:17'),
(111, 35, 9, 1.00, 1.00, 1, '2025-04-21 12:22:21', '2025-04-21 12:25:17'),
(112, 35, 29, 5.00, 1.00, 1, '2025-04-21 12:22:21', '2025-04-21 12:25:17'),
(113, 35, 4, 1.00, 1.00, 1, '2025-04-21 12:22:21', '2025-04-21 12:25:17'),
(114, 36, 86, 3.00, 1.00, 1, '2025-04-21 12:42:29', '2025-04-21 12:44:29'),
(115, 36, 87, 2.00, 1.00, 1, '2025-04-21 12:42:29', '2025-04-21 12:44:29'),
(116, 36, 88, 3.00, 1.00, 1, '2025-04-21 12:42:29', '2025-04-21 12:44:29'),
(117, 36, 89, 1.00, 1.00, 1, '2025-04-21 12:42:29', '2025-04-21 12:44:29'),
(118, 36, 7, 1.00, 1.00, 1, '2025-04-21 12:42:29', '2025-04-21 12:44:29'),
(119, 36, 6, 1.00, 1.00, 1, '2025-04-21 12:42:29', '2025-04-21 12:44:29'),
(120, 36, 5, 2.00, 1.00, 1, '2025-04-21 12:42:29', '2025-04-21 12:44:29'),
(121, 36, 82, 5.00, 1.00, 1, '2025-04-21 12:42:29', '2025-04-21 12:44:29'),
(122, 36, 3, 2.00, 1.00, 1, '2025-04-21 12:42:29', '2025-04-21 12:44:29'),
(123, 36, 33, 1.00, 1.00, 1, '2025-04-21 12:42:29', '2025-04-21 12:44:29'),
(124, 36, 15, 1.00, 1.00, 1, '2025-04-21 12:42:29', '2025-04-21 12:44:29'),
(125, 36, 13, 1.00, 1.00, 1, '2025-04-21 12:42:29', '2025-04-21 12:44:29'),
(126, 36, 14, 1.00, 1.00, 1, '2025-04-21 12:42:29', '2025-04-21 12:44:29'),
(127, 36, 39, 1.00, 1.00, 1, '2025-04-21 12:42:29', '2025-04-21 12:44:29'),
(128, 37, 90, 2.00, 1.00, 1, '2025-04-21 12:48:45', '2025-04-21 12:50:29'),
(129, 37, 91, 1.00, 1.00, 1, '2025-04-21 12:48:45', '2025-04-21 12:50:29'),
(130, 37, 92, 1.00, 1.00, 1, '2025-04-21 12:48:45', '2025-04-21 12:50:29'),
(132, 39, 84, 40.00, 5800.00, 1, '2025-04-22 10:16:28', '2025-04-28 15:21:17'),
(133, 39, 1, 40.00, 1700.00, 1, '2025-04-22 10:16:28', '2025-04-28 15:21:17'),
(134, 40, 93, 2.00, 3076.27, 1, '2025-05-02 10:33:09', '2025-05-02 11:17:19'),
(135, 41, 85, 100.00, 595.00, 1, '2025-05-03 10:47:17', '2025-05-03 11:09:48'),
(136, 42, 99, 1.00, 5540.00, 1, '2025-05-08 14:51:35', '2025-05-08 15:06:22'),
(137, 42, 95, 1.00, 6100.00, 1, '2025-05-08 14:51:35', '2025-05-08 15:06:22'),
(138, 42, 97, 1.00, 5600.00, 1, '2025-05-08 14:51:35', '2025-05-08 15:06:22'),
(139, 42, 94, 1.00, 1450.00, 1, '2025-05-08 14:51:35', '2025-05-08 15:06:22'),
(140, 42, 96, 1.00, 1130.00, 1, '2025-05-08 14:51:35', '2025-05-08 15:06:22'),
(141, 42, 98, 1.00, 1130.00, 1, '2025-05-08 14:51:35', '2025-05-08 15:06:22'),
(142, 42, 100, 1.00, 1310.00, 1, '2025-05-08 14:51:35', '2025-05-08 15:06:22'),
(143, 42, 75, 1.00, 700.00, 1, '2025-05-08 14:51:35', '2025-05-08 15:06:22'),
(144, 43, 101, 1.00, 69230.00, 1, '2025-05-09 11:43:26', '2025-05-09 12:01:50'),
(145, 43, 102, 1.00, 34980.00, 1, '2025-05-09 11:43:26', '2025-05-09 12:01:50'),
(146, 43, 103, 1.00, 29000.00, 1, '2025-05-09 11:43:26', '2025-05-09 12:01:50'),
(147, 43, 104, 1.00, 1740.00, 1, '2025-05-09 11:43:26', '2025-05-09 12:01:50'),
(148, 44, 1, 1.00, 1.00, 1, '2025-05-09 16:52:43', '2025-05-09 16:53:45'),
(149, 45, 44, 1.00, 1.00, 1, '2025-05-14 12:15:19', '2025-05-14 12:18:12'),
(150, 46, 41, 3.00, 1.00, 1, '2025-05-14 12:16:04', '2025-05-14 12:18:28'),
(151, 47, 105, 1.00, 4345.90, 1, '2025-05-15 14:35:25', '2025-05-15 15:21:41'),
(152, 47, 106, 1.00, 11552.39, 1, '2025-05-15 14:35:25', '2025-05-15 15:21:41'),
(153, 47, 107, 1.00, 1457.81, 1, '2025-05-15 14:35:25', '2025-05-15 15:21:41'),
(154, 47, 108, 1.00, 5020.42, 1, '2025-05-15 14:35:25', '2025-05-15 15:21:41'),
(155, 48, 104, 1.00, 1690.00, 1, '2025-05-15 15:07:30', '2025-05-15 15:33:52'),
(156, 48, 110, 1.00, 5390.00, 1, '2025-05-15 15:07:30', '2025-05-15 15:33:52'),
(157, 48, 113, 1.00, 42810.00, 1, '2025-05-15 15:07:30', '2025-05-15 15:33:52'),
(158, 48, 111, 1.00, 89850.00, 1, '2025-05-15 15:07:30', '2025-05-15 15:33:52'),
(159, 48, 112, 1.00, 41850.00, 1, '2025-05-15 15:07:30', '2025-05-15 15:33:52'),
(160, 49, 109, 1.00, 18500.00, 1, '2025-05-15 15:10:06', '2025-05-15 15:35:49'),
(161, 50, 108, 2.00, 5909.15, 1, '2025-05-17 12:21:13', '2025-05-17 12:29:49'),
(162, 51, 102, 1.00, 34980.00, 1, '2025-05-21 14:57:15', '2025-05-21 17:23:55'),
(163, 51, 101, 1.00, 69230.00, 1, '2025-05-21 14:57:15', '2025-05-21 17:23:55'),
(164, 51, 103, 1.00, 29000.00, 1, '2025-05-21 14:57:15', '2025-05-21 17:23:55'),
(165, 51, 104, 1.00, 1740.00, 1, '2025-05-21 14:57:15', '2025-05-21 17:23:55'),
(166, 52, 114, 40.00, 525.00, 1, '2025-05-27 14:26:17', '2025-05-27 14:44:12'),
(167, 52, 85, 100.00, 595.00, 1, '2025-05-27 14:26:17', '2025-05-27 14:44:12'),
(168, 53, 115, 2.00, 890.00, 1, '2025-05-29 10:52:26', '2025-05-29 11:58:06'),
(169, 53, 116, 1000.00, 4.65, 1, '2025-05-29 10:52:26', '2025-05-29 11:58:06'),
(170, 53, 117, 8.00, 445.00, 1, '2025-05-29 10:52:26', '2025-05-29 11:58:06'),
(171, 53, 118, 8.00, 405.00, 1, '2025-05-29 10:52:26', '2025-05-29 11:58:06'),
(172, 53, 119, 2.00, 6175.00, 1, '2025-05-29 10:52:26', '2025-05-29 11:58:06'),
(173, 53, 120, 2.00, 4680.00, 1, '2025-05-29 10:52:26', '2025-05-29 11:58:06'),
(174, 53, 121, 1.00, 3950.00, 1, '2025-05-29 10:52:26', '2025-05-29 11:58:06'),
(175, 53, 122, 1.00, 4450.00, 1, '2025-05-29 10:52:26', '2025-05-29 11:58:06'),
(176, 54, 124, 1.00, 18599.07, 1, '2025-06-03 11:54:46', '2025-06-03 11:59:55'),
(177, 54, 123, 1.00, 6393.43, 1, '2025-06-03 11:54:46', '2025-06-03 11:59:55'),
(178, 55, 125, 5.00, 2270.00, 1, '2025-06-03 17:38:34', '2025-06-03 17:42:11'),
(179, 56, 126, 1.00, 19512.66, 1, '2025-06-05 13:47:50', '2025-06-05 13:49:35'),
(180, 57, 127, 1.00, 973.77, 1, '2025-06-13 16:14:08', '2025-06-13 16:16:12'),
(181, 58, 128, 1.00, 5050.00, 1, '2025-06-30 11:08:27', '2025-06-30 11:20:21'),
(182, 58, 129, 2.00, 1400.00, 1, '2025-06-30 11:08:27', '2025-06-30 11:20:21'),
(183, 58, 130, 1.00, 750.00, 1, '2025-06-30 11:08:27', '2025-06-30 11:20:21'),
(184, 58, 131, 1.00, 760.00, 1, '2025-06-30 11:08:27', '2025-06-30 11:20:21'),
(185, 58, 132, 1.00, 1560.00, 1, '2025-06-30 11:08:27', '2025-06-30 11:20:21'),
(186, 59, 126, 1.00, 19512.66, 1, '2025-07-02 10:53:46', '2025-07-02 10:57:56'),
(187, 60, 133, 7.00, 1250.00, 1, '2025-07-04 15:12:06', '2025-07-04 15:56:26'),
(188, 60, 134, 3.00, 560.00, 1, '2025-07-04 15:12:06', '2025-07-04 15:56:26'),
(189, 60, 135, 4.00, 180.00, 1, '2025-07-04 15:12:06', '2025-07-04 15:56:26'),
(190, 60, 136, 100.00, 5.00, 1, '2025-07-04 15:12:06', '2025-07-04 15:56:26'),
(191, 60, 137, 4.00, 470.00, 1, '2025-07-04 15:12:06', '2025-07-04 15:56:26'),
(192, 61, 105, 1.00, 7154.42, 1, '2025-07-11 12:38:10', '2025-07-11 12:40:08'),
(193, 62, 85, 100.00, 595.00, 1, '2025-07-11 16:34:08', '2025-07-11 16:39:15'),
(194, 63, 105, 1.00, 7154.42, 1, '2025-07-14 09:20:46', '2025-07-14 09:22:09'),
(195, 64, 138, 1.00, 1770.00, 1, '2025-07-22 12:14:56', '2025-07-22 12:17:48'),
(196, 64, 67, 4.00, 700.00, 1, '2025-07-22 12:14:56', '2025-07-22 12:17:48'),
(197, 64, 129, 2.00, 1400.00, 1, '2025-07-22 12:14:56', '2025-07-22 12:17:48'),
(198, 64, 130, 1.00, 750.00, 1, '2025-07-22 12:14:56', '2025-07-22 12:17:48'),
(199, 64, 131, 1.00, 760.00, 1, '2025-07-22 12:14:56', '2025-07-22 12:17:48'),
(200, 65, 139, 1.00, 11514.75, 1, '2025-07-30 10:36:26', '2025-07-30 10:37:07'),
(201, 66, 140, 1.00, 31254.24, 1, '2025-08-04 12:10:17', '2025-08-04 12:15:26'),
(202, 67, 141, 2.00, 3605.00, 1, '2025-08-04 12:50:23', '2025-08-04 12:52:33'),
(203, 68, 142, 1.00, 6579.86, 1, '2025-08-06 12:01:29', '2025-08-06 12:34:54'),
(204, 69, 143, 1.00, 14240.00, 1, '2025-08-07 13:24:10', '2025-08-07 13:51:10'),
(205, 69, 144, 1.00, 8000.00, 1, '2025-08-07 13:24:10', '2025-08-07 13:51:10'),
(206, 70, 85, 50.00, 505.74, 1, '2025-08-11 16:17:09', '2025-08-11 16:19:05'),
(207, 71, 145, 1.00, 115119.88, 1, '2025-08-14 10:39:36', '2025-08-14 10:50:43'),
(208, 71, 146, 2.00, 2168.07, 1, '2025-08-14 10:39:36', '2025-08-14 10:50:43'),
(209, 71, 147, 1.00, 2694.52, 1, '2025-08-14 10:39:36', '2025-08-14 10:50:43'),
(210, 71, 148, 1.00, 2108.88, 1, '2025-08-14 10:39:36', '2025-08-14 10:50:43'),
(211, 71, 149, 2.00, 11320.08, 1, '2025-08-14 10:39:36', '2025-08-14 10:50:43'),
(212, 71, 150, 2.00, 15100.63, 1, '2025-08-14 10:39:36', '2025-08-14 10:50:43'),
(213, 71, 151, 1.00, 11071.03, 1, '2025-08-14 10:39:36', '2025-08-14 10:50:43'),
(214, 71, 152, 1.00, 2474.73, 1, '2025-08-14 10:39:36', '2025-08-14 10:50:43'),
(215, 72, 154, 1.00, 2340.22, 1, '2025-08-14 14:46:44', '2025-08-14 14:48:05'),
(216, 73, 6, 5.00, 1.00, 1, '2025-08-18 16:30:47', '2025-08-18 16:31:58'),
(217, 74, 155, 1.00, 5042.71, 1, '2025-08-25 12:12:11', '2025-08-25 12:13:10'),
(218, 75, 157, 1.00, 4410.00, 1, '2025-08-26 15:50:09', '2025-08-26 15:54:13'),
(219, 76, 156, 1.00, 3068.94, 1, '2025-08-26 15:52:51', '2025-08-26 15:54:32'),
(220, 77, 159, 1.00, 1400.00, 1, '2025-08-27 12:32:48', '2025-08-27 12:38:02'),
(221, 78, 158, 1.00, 900.00, 1, '2025-08-27 12:37:22', '2025-08-27 12:38:47'),
(222, 79, 139, 1.00, 7744.82, 1, '2025-09-01 15:22:36', '2025-09-01 15:24:58'),
(223, 80, 85, 50.00, 561.00, 1, '2025-09-01 15:35:55', '2025-09-01 15:37:58'),
(226, 83, 1, 25.00, 1700.00, 1, '2025-09-02 15:59:59', '2025-09-02 16:00:49'),
(228, 85, 160, 1.00, 17884.06, 1, '2025-09-03 12:03:36', '2025-09-03 12:06:19'),
(229, 86, 161, 4.00, 5000.00, 1, '2025-09-08 14:21:35', '2025-09-08 14:24:19'),
(230, 87, 158, 1.00, 900.00, 1, '2025-09-08 15:52:34', '2025-09-08 15:53:00'),
(231, 88, 162, 10.00, 450.00, 1, '2025-09-12 11:51:41', '2025-09-12 12:07:03'),
(232, 88, 163, 10.00, 450.00, 1, '2025-09-12 11:51:41', '2025-09-12 12:07:03'),
(233, 88, 24, 20.00, 70.00, 1, '2025-09-12 11:51:41', '2025-09-12 12:07:03'),
(234, 88, 164, 20.00, 70.00, 1, '2025-09-12 11:51:41', '2025-09-12 12:07:03'),
(235, 88, 23, 10.00, 60.00, 1, '2025-09-12 11:51:41', '2025-09-12 12:07:03'),
(236, 88, 22, 10.00, 60.00, 1, '2025-09-12 11:51:41', '2025-09-12 12:07:03'),
(237, 88, 30, 5.00, 275.00, 1, '2025-09-12 11:51:41', '2025-09-12 12:07:03'),
(238, 88, 165, 10.00, 100.00, 1, '2025-09-12 11:51:41', '2025-09-12 12:07:03'),
(239, 88, 166, 10.00, 100.00, 1, '2025-09-12 11:51:41', '2025-09-12 12:07:03'),
(240, 88, 34, 4.00, 400.00, 1, '2025-09-12 11:51:41', '2025-09-12 12:07:03'),
(241, 88, 41, 10.00, 20.00, 1, '2025-09-12 11:51:41', '2025-09-12 12:07:03'),
(242, 88, 44, 10.00, 20.00, 1, '2025-09-12 11:51:41', '2025-09-12 12:07:03'),
(243, 88, 43, 10.00, 20.00, 1, '2025-09-12 11:51:41', '2025-09-12 12:07:03'),
(244, 88, 135, 3.00, 150.00, 1, '2025-09-12 11:51:41', '2025-09-12 12:07:03'),
(245, 89, 85, 100.00, 561.00, 1, '2025-09-13 11:02:00', '2025-09-13 11:08:39'),
(246, 90, 170, 2.00, 2300.00, 1, '2025-09-18 12:04:31', '2025-09-18 12:07:24'),
(247, 90, 171, 4.00, 310.00, 1, '2025-09-18 12:04:31', '2025-09-18 12:07:24'),
(248, 91, 172, 1.00, 10351.30, 1, '2025-09-18 16:39:26', '2025-09-18 16:41:27'),
(249, 92, 158, 5.00, 900.00, 1, '2025-09-19 14:19:14', '2025-09-19 14:37:34'),
(251, 93, 80, 5.00, 2480.00, 1, '2025-09-19 14:53:07', '2025-09-19 15:02:00'),
(252, 93, 38, 5.00, 150.00, 1, '2025-09-19 14:53:07', '2025-09-19 15:02:00'),
(253, 94, 173, 10.00, 100.00, 1, '2025-09-19 14:59:09', '2025-09-19 15:02:21'),
(254, 95, 161, 4.00, 4310.00, 1, '2025-09-22 13:17:00', '2025-09-23 12:13:51'),
(255, 95, 144, 1.00, 7980.00, 1, '2025-09-22 13:17:00', '2025-09-23 12:13:51'),
(256, 96, 62, 10.00, 870.00, 1, '2025-09-22 13:25:15', '2025-09-23 12:15:16'),
(257, 97, 174, 10.00, 10.42, 1, '2025-09-22 13:42:52', '2025-09-23 12:17:36'),
(258, 97, 175, 10.00, 1.60, 1, '2025-09-22 13:42:52', '2025-09-23 12:17:36'),
(259, 97, 176, 10.00, 1.62, 1, '2025-09-22 13:42:52', '2025-09-23 12:17:36'),
(260, 97, 177, 2.00, 180.00, 1, '2025-09-22 13:42:52', '2025-09-23 12:17:36'),
(261, 97, 136, 100.00, 4.25, 1, '2025-09-22 13:42:52', '2025-09-23 12:17:36'),
(262, 98, 179, 10.00, 300.00, 1, '2025-09-22 14:50:25', '2025-09-23 12:20:00'),
(263, 98, 180, 10.00, 400.00, 1, '2025-09-22 14:50:25', '2025-09-23 12:20:00'),
(264, 98, 178, 5.00, 3000.00, 1, '2025-09-22 14:50:25', '2025-09-23 12:20:00'),
(265, 98, 64, 10.00, 60.00, 1, '2025-09-22 14:50:25', '2025-09-23 12:20:00'),
(266, 98, 181, 1.00, 600.00, 1, '2025-09-22 14:50:25', '2025-09-23 12:20:00'),
(267, 99, 182, 24.00, 230.00, 1, '2025-09-22 15:19:10', '2025-09-23 12:21:17'),
(268, 99, 183, 1.00, 150.00, 1, '2025-09-22 15:19:10', '2025-09-23 12:21:17'),
(269, 100, 100, 1.00, 720.00, 1, '2025-09-23 11:01:13', '2025-09-23 12:21:55'),
(270, 100, 75, 1.00, 1870.00, 1, '2025-09-23 11:01:13', '2025-09-23 12:21:55'),
(271, 101, 161, 2.00, 4310.00, 1, '2025-09-26 16:18:26', '2025-09-29 13:06:10'),
(272, 101, 131, 1.00, 780.00, 1, '2025-09-26 16:18:26', '2025-09-29 13:06:10'),
(273, 101, 130, 1.00, 770.00, 1, '2025-09-26 16:18:26', '2025-09-29 13:06:10'),
(274, 101, 129, 2.00, 1440.00, 1, '2025-09-26 16:18:26', '2025-09-29 13:06:10'),
(275, 102, 182, 14.00, 245.00, 1, '2025-09-26 16:23:24', '2025-09-29 13:28:30'),
(276, 103, 64, 10.00, 80.00, 1, '2025-09-26 16:34:22', '2025-09-29 13:29:48'),
(277, 104, 135, 2.00, 207.00, 1, '2025-09-26 16:44:19', '2025-09-29 13:31:17'),
(278, 104, 184, 4.00, 1053.00, 1, '2025-09-26 16:44:19', '2025-09-29 13:31:17'),
(279, 105, 167, 10.00, 1.00, 1, '2025-09-30 15:45:33', '2025-09-30 17:11:17'),
(280, 105, 168, 10.00, 1.00, 1, '2025-09-30 15:45:33', '2025-09-30 17:11:17'),
(281, 105, 169, 10.00, 1.00, 1, '2025-09-30 15:45:33', '2025-09-30 17:11:17'),
(282, 106, 84, 50.00, 4962.50, 1, '2025-10-01 11:43:58', '2025-10-01 16:02:33'),
(283, 107, 187, 10.00, 1.00, 1, '2025-10-03 17:48:39', '2025-10-03 17:49:23'),
(284, 107, 186, 5.00, 1.00, 1, '2025-10-03 17:48:39', '2025-10-03 17:49:23'),
(285, 107, 185, 6.00, 1.00, 1, '2025-10-03 17:48:39', '2025-10-03 17:49:23'),
(286, 108, 188, 1.00, 2950.00, 1, '2025-10-08 16:52:03', '2025-10-08 16:55:05'),
(287, 109, 189, 12.00, 916.67, 1, '2025-10-08 17:04:24', '2025-10-08 17:06:53'),
(288, 110, 85, 100.00, 561.00, 1, '2025-10-13 12:47:43', '2025-10-13 13:40:14'),
(289, 111, 190, 3.00, 1000.00, 1, '2025-10-15 11:03:17', '2025-10-15 11:07:13'),
(290, 112, 67, 4.00, 1170.00, 1, '2025-10-20 14:17:52', '2025-10-20 16:09:27'),
(296, 114, 102, 1.00, 34130.00, 1, '2025-10-20 16:48:10', '2025-10-20 16:48:57'),
(297, 114, 101, 1.00, 67100.00, 1, '2025-10-20 16:48:10', '2025-10-20 16:48:57'),
(298, 114, 103, 1.00, 29120.00, 1, '2025-10-20 16:48:10', '2025-10-20 16:48:57'),
(299, 114, 104, 1.00, 1780.00, 1, '2025-10-20 16:48:10', '2025-10-20 16:48:57'),
(300, 114, 192, 1.00, 1540.00, 1, '2025-10-20 16:48:10', '2025-10-20 16:48:57'),
(301, 115, 68, 1.00, 12634.28, 1, '2025-10-20 17:01:20', '2025-10-20 17:02:13'),
(302, 115, 193, 1.00, 6699.00, 1, '2025-10-20 17:01:20', '2025-10-20 17:02:13'),
(303, 116, 194, 4.00, 1990.00, 1, '2025-10-22 13:20:41', '2025-10-22 13:22:45'),
(304, 116, 195, 1.00, 3600.00, 1, '2025-10-22 13:20:41', '2025-10-22 13:22:45'),
(305, 116, 75, 2.00, 1870.00, 1, '2025-10-22 13:20:41', '2025-10-22 13:22:45'),
(306, 116, 100, 2.00, 1240.00, 1, '2025-10-22 13:20:41', '2025-10-22 13:22:45'),
(307, 117, 196, 1.00, 13020.70, 1, '2025-10-28 14:10:42', '2025-10-28 14:15:37'),
(308, 118, 138, 1.00, 1663.94, 1, '2025-10-28 14:12:00', '2025-10-28 14:16:03'),
(309, 119, 5, 10.00, 7745.00, 1, '2025-11-10 13:20:07', '2025-11-10 13:21:51'),
(310, 119, 7, 10.00, 8180.00, 1, '2025-11-10 13:20:07', '2025-11-10 13:21:51'),
(311, 119, 6, 10.00, 7100.00, 1, '2025-11-10 13:20:07', '2025-11-10 13:21:51'),
(312, 119, 86, 5.00, 5950.00, 1, '2025-11-10 13:20:07', '2025-11-10 13:21:51'),
(313, 120, 197, 1.00, 8590.00, 1, '2025-11-10 15:27:06', '2025-11-10 15:28:46'),
(314, 120, 198, 1.00, 6030.00, 1, '2025-11-10 15:27:06', '2025-11-10 15:28:46'),
(315, 120, 199, 1.00, 4030.00, 1, '2025-11-10 15:27:06', '2025-11-10 15:28:46'),
(317, 122, 200, 1.00, 20500.00, 1, '2025-11-18 13:51:37', '2025-11-18 13:52:07'),
(318, 123, 85, 100.00, 505.75, 1, '2025-11-20 15:42:18', '2025-11-20 15:44:34'),
(319, 124, 202, 1.00, 170.00, 1, '2025-11-21 10:03:34', '2025-11-21 10:17:54'),
(320, 124, 201, 2.00, 2320.00, 1, '2025-11-21 10:03:34', '2025-11-21 10:17:54'),
(321, 125, 203, 1.00, 12390.00, 1, '2025-11-24 16:01:28', '2025-11-24 16:05:18'),
(322, 126, 204, 1.00, 10940.00, 1, '2025-11-25 14:28:40', '2025-11-25 14:32:04'),
(323, 126, 93, 1.00, 2850.00, 1, '2025-11-25 14:28:40', '2025-11-25 14:32:04'),
(324, 127, 205, 1.00, 1500.00, 1, '2025-12-02 14:38:57', '2025-12-02 14:40:57'),
(325, 128, 76, 20.00, 82459.00, 1, '2025-12-03 14:40:36', '2025-12-09 14:36:25'),
(326, 129, 206, 1.00, 961.53, 1, '2025-12-05 16:44:59', '2025-12-05 17:00:31'),
(327, 129, 207, 1.00, 220.05, 1, '2025-12-05 16:44:59', '2025-12-05 17:00:31'),
(328, 130, 1, 25.00, 1700.00, 1, '2025-12-09 15:25:39', '2025-12-09 16:01:17'),
(329, 131, 208, 1.00, 36582.57, 1, '2025-12-17 12:07:00', '2025-12-17 12:09:20'),
(330, 131, 209, 1.00, 15549.87, 1, '2025-12-17 12:07:00', '2025-12-17 12:09:20'),
(331, 132, 85, 100.00, 474.97, 1, '2025-12-24 13:41:18', '2025-12-24 13:41:50'),
(332, 133, 210, 1.00, 13669.25, 1, '2025-12-29 12:54:10', '2025-12-29 12:54:57'),
(333, 134, 211, 1.00, 2300.00, 1, '2025-12-29 16:59:13', '2025-12-29 17:00:26'),
(335, 136, 85, 100.00, 476.00, 1, '2026-01-27 10:29:06', '2026-01-27 10:40:35'),
(340, 138, 212, 2.00, 1440.00, 1, '2026-01-28 13:39:06', '2026-01-28 13:45:14'),
(341, 138, 161, 2.00, 4600.00, 1, '2026-01-28 13:39:06', '2026-01-28 13:45:14'),
(342, 138, 213, 2.00, 440.00, 1, '2026-01-28 13:39:06', '2026-01-28 13:45:14'),
(343, 138, 193, 1.00, 6500.00, 1, '2026-01-28 13:39:06', '2026-01-28 13:45:14'),
(344, 139, 212, 1.00, 2214.20, 1, '2026-01-28 13:41:31', '2026-01-28 13:45:38'),
(345, 140, 202, 5.00, 130.00, 1, '2026-01-28 13:43:22', '2026-01-28 13:45:53'),
(346, 141, 138, 1.00, 1663.94, 1, '2026-01-28 14:12:03', '2026-01-28 14:15:40'),
(347, 141, 206, 1.00, 961.53, 1, '2026-01-28 14:12:03', '2026-01-28 14:15:40'),
(348, 142, 214, 1.00, 2053.70, 1, '2026-01-28 14:40:56', '2026-01-28 14:43:13'),
(349, 142, 215, 1.00, 2002.61, 1, '2026-01-28 14:40:56', '2026-01-28 14:43:13'),
(350, 142, 216, 1.00, 9764.81, 1, '2026-01-28 14:40:56', '2026-01-28 14:43:13'),
(351, 142, 156, 2.00, 3068.94, 1, '2026-01-28 14:40:56', '2026-01-28 14:43:13'),
(352, 143, 85, 100.00, 476.00, 1, '2026-02-11 14:22:07', '2026-02-11 14:26:34'),
(353, 144, 1, 20.00, 1750.00, 1, '2026-02-17 14:38:35', '2026-02-17 14:41:00'),
(354, 145, 138, 1.00, 1663.94, 1, '2026-02-18 14:42:48', '2026-02-18 14:43:18'),
(355, 145, 206, 1.00, 961.53, 1, '2026-02-18 14:42:48', '2026-02-18 14:43:18'),
(358, 147, 85, 100.00, 476.00, 1, '2026-02-26 13:38:05', '2026-02-26 13:43:50'),
(359, 147, 217, 1.00, 12953.33, 1, '2026-02-26 13:38:05', '2026-02-26 13:43:50'),
(360, 148, 172, 1.00, 10351.30, 1, '2026-03-17 10:51:29', '2026-03-17 10:52:00'),
(361, 149, 85, 150.00, 395.00, 1, '2026-03-27 14:20:29', '2026-03-27 14:40:44'),
(362, 149, 100, 1.00, 1260.00, 1, '2026-03-27 14:20:29', '2026-03-27 14:40:44'),
(363, 149, 75, 1.00, 1795.00, 1, '2026-03-27 14:20:29', '2026-03-27 14:40:44'),
(364, 150, 108, 1.00, 5369.06, 1, '2026-03-30 16:25:24', '2026-03-30 16:27:51'),
(365, 151, 218, 32.00, 63500.00, 1, '2026-03-30 16:41:14', '2026-03-30 16:43:45'),
(366, 152, 219, 1.00, 13400.25, 1, '2026-04-22 16:08:06', '2026-04-22 16:08:53'),
(367, 153, 201, 2.00, 2430.00, 1, '2026-04-22 16:15:11', '2026-04-22 16:25:38'),
(368, 154, 220, 1.00, 7525.78, 1, '2026-04-22 16:54:43', '2026-04-22 16:55:09'),
(369, 154, 221, 1.00, 3612.38, 1, '2026-04-22 16:54:43', '2026-04-22 16:55:09'),
(370, 155, 108, 1.00, 5694.42, 1, '2026-04-23 11:32:43', '2026-04-23 11:34:49'),
(371, 156, 223, 1.00, 16354.80, 1, '2026-04-23 11:55:08', '2026-04-23 11:55:51'),
(372, 156, 222, 1.00, 1132.22, 1, '2026-04-23 11:55:08', '2026-04-23 11:55:51'),
(373, 157, 85, 100.00, 426.00, 1, '2026-05-05 16:15:34', '2026-05-05 16:21:11');

-- --------------------------------------------------------

--
-- Table structure for table `roles`
--

CREATE TABLE `roles` (
  `id` int(10) UNSIGNED NOT NULL,
  `role_name` varchar(255) NOT NULL,
  `slug` varchar(255) NOT NULL,
  `is_active` tinyint(1) NOT NULL DEFAULT 1,
  `created_by` int(11) NOT NULL,
  `updated_by` int(11) NOT NULL,
  `created_at` timestamp NULL DEFAULT NULL,
  `updated_at` timestamp NULL DEFAULT NULL
) ENGINE=InnoDB DEFAULT CHARSET=utf8mb4 COLLATE=utf8mb4_unicode_ci;

--
-- Dumping data for table `roles`
--

INSERT INTO `roles` (`id`, `role_name`, `slug`, `is_active`, `created_by`, `updated_by`, `created_at`, `updated_at`) VALUES
(1, 'Super Admin', 'super_admin', 1, 1, 1, NULL, NULL),
(2, 'Admin', 'admin', 1, 1, 1, NULL, NULL),
(3, 'Manager', 'manager', 1, 1, 1, NULL, NULL),
(4, 'Supervisor', 'supervisor', 1, 1, 1, NULL, NULL),
(5, 'Store Supervisor', 'store_supervisor', 1, 1, 1, '2025-03-20 16:09:39', '2025-03-20 16:09:39');

-- --------------------------------------------------------

--
-- Table structure for table `role_permissions`
--

CREATE TABLE `role_permissions` (
  `id` int(10) UNSIGNED NOT NULL,
  `role_id` int(10) UNSIGNED NOT NULL,
  `permission_id` int(10) UNSIGNED NOT NULL,
  `created_by` int(11) NOT NULL,
  `updated_by` int(11) NOT NULL,
  `created_at` timestamp NULL DEFAULT NULL,
  `updated_at` timestamp NULL DEFAULT NULL
) ENGINE=InnoDB DEFAULT CHARSET=utf8mb4 COLLATE=utf8mb4_unicode_ci;

--
-- Dumping data for table `role_permissions`
--

INSERT INTO `role_permissions` (`id`, `role_id`, `permission_id`, `created_by`, `updated_by`, `created_at`, `updated_at`) VALUES
(36, 1, 1, 1, 1, NULL, NULL),
(37, 1, 2, 1, 1, NULL, NULL),
(38, 1, 3, 1, 1, NULL, NULL),
(39, 1, 4, 1, 1, NULL, NULL),
(40, 1, 5, 1, 1, NULL, NULL),
(41, 1, 6, 1, 1, NULL, NULL),
(42, 1, 7, 1, 1, NULL, NULL),
(43, 1, 8, 1, 1, NULL, NULL),
(44, 1, 9, 1, 1, NULL, NULL),
(45, 1, 10, 1, 1, NULL, NULL),
(46, 1, 11, 1, 1, NULL, NULL),
(47, 1, 12, 1, 1, NULL, NULL),
(48, 1, 13, 1, 1, NULL, NULL),
(49, 1, 14, 1, 1, NULL, NULL),
(50, 1, 15, 1, 1, NULL, NULL),
(51, 1, 16, 1, 1, NULL, NULL),
(52, 1, 17, 1, 1, NULL, NULL),
(53, 1, 18, 1, 1, NULL, NULL),
(54, 1, 19, 1, 1, NULL, NULL),
(55, 5, 1, 1, 1, NULL, NULL),
(56, 5, 2, 1, 1, NULL, NULL),
(57, 5, 3, 1, 1, NULL, NULL),
(58, 5, 4, 1, 1, NULL, NULL),
(59, 5, 5, 1, 1, NULL, NULL),
(60, 5, 6, 1, 1, NULL, NULL),
(61, 5, 7, 1, 1, NULL, NULL),
(62, 5, 8, 1, 1, NULL, NULL),
(63, 5, 9, 1, 1, NULL, NULL),
(64, 5, 11, 1, 1, NULL, NULL),
(65, 5, 12, 1, 1, NULL, NULL),
(66, 5, 13, 1, 1, NULL, NULL),
(67, 5, 15, 1, 1, NULL, NULL),
(68, 5, 16, 1, 1, NULL, NULL),
(69, 5, 17, 1, 1, NULL, NULL),
(70, 5, 18, 1, 1, NULL, NULL),
(71, 5, 19, 1, 1, NULL, NULL);

-- --------------------------------------------------------

--
-- Table structure for table `suppliers`
--

CREATE TABLE `suppliers` (
  `id` int(10) UNSIGNED NOT NULL,
  `name` varchar(255) NOT NULL,
  `email` varchar(255) NOT NULL,
  `contact` varchar(255) NOT NULL,
  `address` text NOT NULL,
  `created_by` int(11) NOT NULL,
  `updated_by` int(11) NOT NULL,
  `created_at` timestamp NULL DEFAULT NULL,
  `updated_at` timestamp NULL DEFAULT NULL
) ENGINE=InnoDB DEFAULT CHARSET=utf8mb4 COLLATE=utf8mb4_unicode_ci;

--
-- Dumping data for table `suppliers`
--

INSERT INTO `suppliers` (`id`, `name`, `email`, `contact`, `address`, `created_by`, `updated_by`, `created_at`, `updated_at`) VALUES
(1, 'RICHARD PIERIS TYRE CO.LTD', 'prabath.w@arpico.com', '0773410358', 'NO-16,\r\nNawinna,\r\nMaharagama,\r\nColombo', 1, 1, '2024-04-17 14:22:04', '2024-04-17 14:22:04'),
(2, 'Mr. Priyantha - IFFS', 'interfreighttransport@gmail.com', '0773424259', 'NO-789,\r\nSamurdhi Mw,\r\nHeiyanthuduwa,\r\nSapugaskanda', 1, 1, '2024-04-17 14:49:04', '2024-04-17 14:49:04'),
(3, 'TANTRI TRAILERS & EQUIPMENT (PVT) LTD', 'tantri.sample@gmail.com', '0112913716', 'NO-117, BIYAGAMA ROAD, KELANIYA', 1, 1, '2024-05-09 14:36:50', '2024-05-09 14:36:50'),
(4, 'RATHNA TRADERS', 'rathnatraders.sample@gmail.com', '0112962726', 'NO-108/1, MAKOLA SOUTH, MAKOLA', 1, 1, '2024-05-09 14:54:41', '2024-05-09 14:54:41'),
(5, 'GALWA MOTORS', 'galwamotors@gmail.com', '0770266569 / 0777757927', 'NO:404/G/2, SAMURDHI MAWATHA, HEIYANTHUDUWA', 1, 1, '2024-05-09 16:48:13', '2024-05-09 16:48:13'),
(6, 'DIMO', 'ravindu.korathotage@dimolanka.com', '0763636223', 'NO-135, Mahena Road, Siyabalape', 1, 1, '2024-05-14 17:12:17', '2024-05-14 17:12:17'),
(7, 'SURIARACHCHI MOTOR HOUSE', 'suriarachchimotorhouse.sample@gmail.com', '0112962790 / 0714281737', '270/2 D, MAKOLA NORTH, MAKOLA', 1, 1, '2024-05-30 16:12:58', '2024-05-30 16:12:58'),
(8, 'HELANS MOTOR SPARES', 'helansmotors@gmail.com', '0112986239 / 0112986249 / 0710775375', 'NO.359,BIYAGAMA ROAD, PILAPITIYA,KELANIYA', 1, 1, '2024-06-05 15:53:17', '2024-06-05 15:53:17'),
(9, 'FERENTINO', 'sales@ferentino.com', '0773996777', 'M&M Center, No341/5, Kotte Road,Rajagiriya,Sri Lanka', 1, 1, '2024-06-28 16:57:40', '2024-06-28 16:57:40'),
(10, 'SHIHAN TYRES', 'notavailable@gmail.com', '0112986122', 'NO:84, MAKOLA SOUTH, MAKOLA', 1, 1, '2025-01-15 10:08:57', '2025-01-15 10:08:57'),
(11, 'PATHMA MOTOR STORES PVT LTD', 'pathmamoto@gmail.com', '0112925666,4341694,4341729 / 0114320956', '175/1A,RAGAMA ROAD, KADAWATHA', 5, 5, '2025-03-26 10:43:14', '2025-03-26 10:43:14'),
(12, 'RETURN GOODS', 'shanukaiffstransport@gmail.com', '0761822020', 'INTER FREIGHT FORWARDING SERVICE ( Pvt ) LTD', 5, 5, '2025-07-14 09:18:11', '2025-07-14 09:18:11'),
(13, 'Test', 'chandikakg@gmail.com', '0767678458', 'chandikakg@gmail.com', 1, 1, '2025-08-25 16:07:47', '2025-08-25 16:07:47'),
(14, 'AUTO HUB', 'autohub@gmail.com', '0727312590/0777312590', 'No542/5, Siyambalape Jct, Biyagama', 1, 1, '2025-08-27 12:17:45', '2025-08-27 12:17:45'),
(15, 'TRASCAA ENGINEERING', 'trascaaengineering@gmail.com', '0770266569/0766303787', '404/G/2,Samurdihi Mawatha,Heiyanthuduwa', 5, 5, '2025-08-27 12:22:53', '2025-08-27 12:22:53'),
(16, 'CLAX OIL MART', 'claxoilmart@gmail.com', '0779245844/0705080822', 'No.42/2,samurdi mawatha,siyabalape', 5, 5, '2025-08-27 12:25:39', '2025-08-27 12:25:39'),
(17, 'S.G.LANKA ENTERPRISES', 'S.G.LANKA@GMAIL.COM', '0112923477,0714888764,0727888764', 'NO.155/1/H\r\nKANDY ROAD\r\nKADAWATHA', 5, 5, '2025-09-08 14:10:24', '2025-09-08 14:10:24'),
(18, 'NEW VICTORY MOTORS', 'newvictorymotors@gmail.com', '0722187637/0777108586', 'no.145A\r\nSIRIMAVO BANDARANAYAKA MAWATHA \r\nCOLOMBO 14', 5, 5, '2025-09-11 17:27:04', '2025-09-11 17:27:04'),
(19, 'SPARKLIT MOTOR SPARE PARTS', 'SPARKLIT@GMAIL.COM', '0112925272 / 0112925204', 'KANDY ROAD\r\nKADAWATH', 5, 5, '2025-09-18 11:56:45', '2025-09-18 11:56:45'),
(20, 'MAHARA HARDWARE', 'MAHARAHARDWARE@MAIL.COM', '0115746824/0112400806', 'NO.16 3/1,\r\nSAMURDI MAWATHA,\r\nAMBALAMA HANDIYA,\r\nSIYABALAPE,', 5, 5, '2025-09-22 13:54:17', '2025-09-22 13:54:17'),
(21, 'U,S,S ELECTRICAL CO.(PVT)', 'U.S.S.ELECTRICAL@GMAIL.COM', '0704501500/0751112112', 'NO.123\r\nKANDY ROAD,\r\nCOLOMBO,', 5, 5, '2025-09-22 15:12:46', '2025-09-22 15:12:46'),
(22, 'ROVINTA ELECTRONICS', 'ROVINTAELECTRONICS@GMAIL.COM', '0770866828', 'NO.78/1 \r\nKANDY ROAD \r\nKIRIBATHGODA', 5, 5, '2025-09-26 16:04:41', '2025-09-26 16:04:41'),
(23, 'R.P.HARDWARE', 'RPHARDWARE@GMAIL.COM', '0777494057', 'NO.411/A/1\r\nMAKOLA SOUTH\r\nMAKOLA', 5, 5, '2025-09-26 16:09:48', '2025-09-26 16:09:48'),
(26, 'SHANTHA ENTERPRISES', 'SHANTHAENTERPRISES@GMAIL.COM', '0112965248/0777180195/0779307402', 'NO.233/1\r\nMAKOLA SOUTH\r\nMAKOLA', 5, 5, '2025-10-08 16:59:43', '2025-10-08 16:59:43'),
(27, 'CHANIKA IRON WORKS', 'CHANIKAIRONWORKS@GMAIL.COM', '0777757927\\0772199985', 'NO.400/F/1\r\nSAMURDI MAWATHA\r\nHEIYANTHUDUWA', 5, 5, '2025-11-24 15:37:34', '2025-11-24 15:37:34');

-- --------------------------------------------------------

--
-- Table structure for table `users`
--

CREATE TABLE `users` (
  `id` int(10) UNSIGNED NOT NULL,
  `role_id` int(10) UNSIGNED NOT NULL,
  `name` varchar(255) NOT NULL,
  `email` varchar(255) NOT NULL,
  `password` varchar(255) NOT NULL,
  `phone` varchar(255) NOT NULL,
  `is_active` tinyint(1) NOT NULL DEFAULT 1,
  `is_blocked` tinyint(1) NOT NULL DEFAULT 0,
  `created_by` int(11) NOT NULL,
  `updated_by` int(11) NOT NULL,
  `remember_token` varchar(100) DEFAULT NULL,
  `created_at` timestamp NULL DEFAULT NULL,
  `updated_at` timestamp NULL DEFAULT NULL
) ENGINE=InnoDB DEFAULT CHARSET=utf8mb4 COLLATE=utf8mb4_unicode_ci;

--
-- Dumping data for table `users`
--

INSERT INTO `users` (`id`, `role_id`, `name`, `email`, `password`, `phone`, `is_active`, `is_blocked`, `created_by`, `updated_by`, `remember_token`, `created_at`, `updated_at`) VALUES
(1, 1, 'Mr. Sharala Ranawana', 'sharalaranawana@gmail.com', '$2y$12$UGR/ZH.RhiARzx08aqKyy.pAzUOKXe.2mV9jKW16gjzdCVHYA..Ha', '0771234567', 1, 0, 1, 1, NULL, '2024-04-16 15:10:36', '2026-01-27 10:25:28'),
(2, 2, 'Mr. Anjana Ruklan', 'anjanaiffstransport@gmail.com', '$2y$12$6HZK7Ln309iCCkNU1.Nmsum/Z3ESCJBCMRwVN/jslqUWcpRQuBb7W', '0771234568', 1, 0, 1, 1, NULL, '2024-04-16 15:10:36', '2024-04-16 15:10:36'),
(3, 3, 'Mr. Priyantha Jayasingha', 'interfreighttransport@gmail.com', '$2y$12$2QwY3zkZ.Rw0DIK7lWy7P.KJ4LbnN554aTSJqe0L.ZaCvk4xBU.aq', '0771234569', 1, 0, 1, 1, NULL, '2024-04-16 15:10:36', '2024-04-16 15:10:36'),
(4, 4, 'Mr Lahiru Nisansala', 'lahiruiffstransport@gmail.com', '$2y$12$geklXpkT.ph2epP9KWRFuOunsHx48yRoOMf0/h18pCIUgtvcZI/XC', '0771234560', 1, 0, 1, 1, NULL, '2024-04-16 15:10:36', '2024-04-16 15:10:36'),
(5, 5, 'Shanuka Dilshan', 'shanukaiffstransport@gmail.com', '$2y$12$oBFpQ4op4PvkhbyIxSFZj.c1V2LiFvEE6pNBzm1EyqrDD20jlIsDq', '0761822020', 1, 0, 1, 1, NULL, '2025-03-20 16:11:04', '2025-03-20 16:11:04');

--
-- Indexes for dumped tables
--

--
-- Indexes for table `failed_jobs`
--
ALTER TABLE `failed_jobs`
  ADD PRIMARY KEY (`id`),
  ADD UNIQUE KEY `failed_jobs_uuid_unique` (`uuid`);

--
-- Indexes for table `grns`
--
ALTER TABLE `grns`
  ADD PRIMARY KEY (`id`),
  ADD KEY `grns_purchase_order_id_foreign` (`purchase_order_id`);

--
-- Indexes for table `grn_products`
--
ALTER TABLE `grn_products`
  ADD PRIMARY KEY (`id`),
  ADD KEY `grn_products_grn_id_foreign` (`grn_id`),
  ADD KEY `grn_products_purchase_order_product_id_foreign` (`purchase_order_product_id`),
  ADD KEY `grn_products_product_id_foreign` (`product_id`);

--
-- Indexes for table `grn_serial_numbers`
--
ALTER TABLE `grn_serial_numbers`
  ADD PRIMARY KEY (`id`),
  ADD KEY `grn_serial_numbers_grn_id_foreign` (`grn_id`),
  ADD KEY `grn_serial_numbers_grn_product_id_foreign` (`grn_product_id`),
  ADD KEY `grn_serial_numbers_product_id_foreign` (`product_id`);

--
-- Indexes for table `issue_notes`
--
ALTER TABLE `issue_notes`
  ADD PRIMARY KEY (`id`);

--
-- Indexes for table `issue_note_products`
--
ALTER TABLE `issue_note_products`
  ADD PRIMARY KEY (`id`),
  ADD KEY `issue_note_products_issue_note_id_foreign` (`issue_note_id`),
  ADD KEY `issue_note_products_product_id_foreign` (`product_id`);

--
-- Indexes for table `issue_note_serial_numbers`
--
ALTER TABLE `issue_note_serial_numbers`
  ADD PRIMARY KEY (`id`),
  ADD KEY `issue_note_serial_numbers_issue_note_id_foreign` (`issue_note_id`),
  ADD KEY `issue_note_serial_numbers_issue_note_product_id_foreign` (`issue_note_product_id`),
  ADD KEY `issue_note_serial_numbers_product_id_foreign` (`product_id`);

--
-- Indexes for table `migrations`
--
ALTER TABLE `migrations`
  ADD PRIMARY KEY (`id`);

--
-- Indexes for table `password_reset_tokens`
--
ALTER TABLE `password_reset_tokens`
  ADD PRIMARY KEY (`email`);

--
-- Indexes for table `permissions`
--
ALTER TABLE `permissions`
  ADD PRIMARY KEY (`id`);

--
-- Indexes for table `personal_access_tokens`
--
ALTER TABLE `personal_access_tokens`
  ADD PRIMARY KEY (`id`),
  ADD UNIQUE KEY `personal_access_tokens_token_unique` (`token`),
  ADD KEY `personal_access_tokens_tokenable_type_tokenable_id_index` (`tokenable_type`,`tokenable_id`);

--
-- Indexes for table `products`
--
ALTER TABLE `products`
  ADD PRIMARY KEY (`id`),
  ADD UNIQUE KEY `products_product_code_unique` (`product_code`);

--
-- Indexes for table `purchase_orders`
--
ALTER TABLE `purchase_orders`
  ADD PRIMARY KEY (`id`),
  ADD UNIQUE KEY `purchase_orders_purchase_order_number_unique` (`purchase_order_number`),
  ADD KEY `purchase_orders_supplier_id_foreign` (`supplier_id`);

--
-- Indexes for table `purchase_order_products`
--
ALTER TABLE `purchase_order_products`
  ADD PRIMARY KEY (`id`),
  ADD KEY `purchase_order_products_purchase_order_id_foreign` (`purchase_order_id`),
  ADD KEY `purchase_order_products_product_id_foreign` (`product_id`);

--
-- Indexes for table `roles`
--
ALTER TABLE `roles`
  ADD PRIMARY KEY (`id`);

--
-- Indexes for table `role_permissions`
--
ALTER TABLE `role_permissions`
  ADD PRIMARY KEY (`id`),
  ADD KEY `role_permissions_role_id_foreign` (`role_id`),
  ADD KEY `role_permissions_permission_id_foreign` (`permission_id`);

--
-- Indexes for table `suppliers`
--
ALTER TABLE `suppliers`
  ADD PRIMARY KEY (`id`),
  ADD UNIQUE KEY `suppliers_email_unique` (`email`);

--
-- Indexes for table `users`
--
ALTER TABLE `users`
  ADD PRIMARY KEY (`id`),
  ADD UNIQUE KEY `users_email_unique` (`email`),
  ADD KEY `users_role_id_foreign` (`role_id`);

--
-- AUTO_INCREMENT for dumped tables
--

--
-- AUTO_INCREMENT for table `failed_jobs`
--
ALTER TABLE `failed_jobs`
  MODIFY `id` bigint(20) UNSIGNED NOT NULL AUTO_INCREMENT;

--
-- AUTO_INCREMENT for table `grns`
--
ALTER TABLE `grns`
  MODIFY `id` int(10) UNSIGNED NOT NULL AUTO_INCREMENT, AUTO_INCREMENT=151;

--
-- AUTO_INCREMENT for table `grn_products`
--
ALTER TABLE `grn_products`
  MODIFY `id` int(10) UNSIGNED NOT NULL AUTO_INCREMENT, AUTO_INCREMENT=375;

--
-- AUTO_INCREMENT for table `grn_serial_numbers`
--
ALTER TABLE `grn_serial_numbers`
  MODIFY `id` int(10) UNSIGNED NOT NULL AUTO_INCREMENT, AUTO_INCREMENT=21;

--
-- AUTO_INCREMENT for table `issue_notes`
--
ALTER TABLE `issue_notes`
  MODIFY `id` int(10) UNSIGNED NOT NULL AUTO_INCREMENT, AUTO_INCREMENT=469;

--
-- AUTO_INCREMENT for table `issue_note_products`
--
ALTER TABLE `issue_note_products`
  MODIFY `id` int(10) UNSIGNED NOT NULL AUTO_INCREMENT, AUTO_INCREMENT=721;

--
-- AUTO_INCREMENT for table `issue_note_serial_numbers`
--
ALTER TABLE `issue_note_serial_numbers`
  MODIFY `id` int(10) UNSIGNED NOT NULL AUTO_INCREMENT, AUTO_INCREMENT=21;

--
-- AUTO_INCREMENT for table `migrations`
--
ALTER TABLE `migrations`
  MODIFY `id` int(10) UNSIGNED NOT NULL AUTO_INCREMENT, AUTO_INCREMENT=508;

--
-- AUTO_INCREMENT for table `permissions`
--
ALTER TABLE `permissions`
  MODIFY `id` int(10) UNSIGNED NOT NULL AUTO_INCREMENT, AUTO_INCREMENT=20;

--
-- AUTO_INCREMENT for table `personal_access_tokens`
--
ALTER TABLE `personal_access_tokens`
  MODIFY `id` bigint(20) UNSIGNED NOT NULL AUTO_INCREMENT;

--
-- AUTO_INCREMENT for table `products`
--
ALTER TABLE `products`
  MODIFY `id` int(10) UNSIGNED NOT NULL AUTO_INCREMENT, AUTO_INCREMENT=224;

--
-- AUTO_INCREMENT for table `purchase_orders`
--
ALTER TABLE `purchase_orders`
  MODIFY `id` int(10) UNSIGNED NOT NULL AUTO_INCREMENT, AUTO_INCREMENT=158;

--
-- AUTO_INCREMENT for table `purchase_order_products`
--
ALTER TABLE `purchase_order_products`
  MODIFY `id` int(10) UNSIGNED NOT NULL AUTO_INCREMENT, AUTO_INCREMENT=374;

--
-- AUTO_INCREMENT for table `roles`
--
ALTER TABLE `roles`
  MODIFY `id` int(10) UNSIGNED NOT NULL AUTO_INCREMENT, AUTO_INCREMENT=6;

--
-- AUTO_INCREMENT for table `role_permissions`
--
ALTER TABLE `role_permissions`
  MODIFY `id` int(10) UNSIGNED NOT NULL AUTO_INCREMENT, AUTO_INCREMENT=72;

--
-- AUTO_INCREMENT for table `suppliers`
--
ALTER TABLE `suppliers`
  MODIFY `id` int(10) UNSIGNED NOT NULL AUTO_INCREMENT, AUTO_INCREMENT=28;

--
-- AUTO_INCREMENT for table `users`
--
ALTER TABLE `users`
  MODIFY `id` int(10) UNSIGNED NOT NULL AUTO_INCREMENT, AUTO_INCREMENT=6;

--
-- Constraints for dumped tables
--

--
-- Constraints for table `grns`
--
ALTER TABLE `grns`
  ADD CONSTRAINT `grns_purchase_order_id_foreign` FOREIGN KEY (`purchase_order_id`) REFERENCES `purchase_orders` (`id`);

--
-- Constraints for table `grn_products`
--
ALTER TABLE `grn_products`
  ADD CONSTRAINT `grn_products_grn_id_foreign` FOREIGN KEY (`grn_id`) REFERENCES `grns` (`id`),
  ADD CONSTRAINT `grn_products_product_id_foreign` FOREIGN KEY (`product_id`) REFERENCES `products` (`id`),
  ADD CONSTRAINT `grn_products_purchase_order_product_id_foreign` FOREIGN KEY (`purchase_order_product_id`) REFERENCES `purchase_order_products` (`id`);

--
-- Constraints for table `grn_serial_numbers`
--
ALTER TABLE `grn_serial_numbers`
  ADD CONSTRAINT `grn_serial_numbers_grn_id_foreign` FOREIGN KEY (`grn_id`) REFERENCES `grns` (`id`),
  ADD CONSTRAINT `grn_serial_numbers_grn_product_id_foreign` FOREIGN KEY (`grn_product_id`) REFERENCES `grn_products` (`id`),
  ADD CONSTRAINT `grn_serial_numbers_product_id_foreign` FOREIGN KEY (`product_id`) REFERENCES `products` (`id`);

--
-- Constraints for table `issue_note_products`
--
ALTER TABLE `issue_note_products`
  ADD CONSTRAINT `issue_note_products_issue_note_id_foreign` FOREIGN KEY (`issue_note_id`) REFERENCES `issue_notes` (`id`),
  ADD CONSTRAINT `issue_note_products_product_id_foreign` FOREIGN KEY (`product_id`) REFERENCES `products` (`id`);

--
-- Constraints for table `issue_note_serial_numbers`
--
ALTER TABLE `issue_note_serial_numbers`
  ADD CONSTRAINT `issue_note_serial_numbers_issue_note_id_foreign` FOREIGN KEY (`issue_note_id`) REFERENCES `issue_notes` (`id`),
  ADD CONSTRAINT `issue_note_serial_numbers_issue_note_product_id_foreign` FOREIGN KEY (`issue_note_product_id`) REFERENCES `issue_note_products` (`id`),
  ADD CONSTRAINT `issue_note_serial_numbers_product_id_foreign` FOREIGN KEY (`product_id`) REFERENCES `products` (`id`);

--
-- Constraints for table `purchase_orders`
--
ALTER TABLE `purchase_orders`
  ADD CONSTRAINT `purchase_orders_supplier_id_foreign` FOREIGN KEY (`supplier_id`) REFERENCES `suppliers` (`id`);

--
-- Constraints for table `purchase_order_products`
--
ALTER TABLE `purchase_order_products`
  ADD CONSTRAINT `purchase_order_products_product_id_foreign` FOREIGN KEY (`product_id`) REFERENCES `products` (`id`),
  ADD CONSTRAINT `purchase_order_products_purchase_order_id_foreign` FOREIGN KEY (`purchase_order_id`) REFERENCES `purchase_orders` (`id`);

--
-- Constraints for table `role_permissions`
--
ALTER TABLE `role_permissions`
  ADD CONSTRAINT `role_permissions_permission_id_foreign` FOREIGN KEY (`permission_id`) REFERENCES `permissions` (`id`),
  ADD CONSTRAINT `role_permissions_role_id_foreign` FOREIGN KEY (`role_id`) REFERENCES `roles` (`id`);

--
-- Constraints for table `users`
--
ALTER TABLE `users`
  ADD CONSTRAINT `users_role_id_foreign` FOREIGN KEY (`role_id`) REFERENCES `roles` (`id`);
COMMIT;

/*!40101 SET CHARACTER_SET_CLIENT=@OLD_CHARACTER_SET_CLIENT */;
/*!40101 SET CHARACTER_SET_RESULTS=@OLD_CHARACTER_SET_RESULTS */;
/*!40101 SET COLLATION_CONNECTION=@OLD_COLLATION_CONNECTION */;
